GEOG,2000_POP,2010_POP,TOT_POP,UND19,A20_34,A35_49,A50_64,A65_74,A75_84,OV85,MED_AGE,WHITE,HISP,BLACK,ASIAN,OTHER,POP_HH,POP_16OV,IN_LBFRC,EMP,UNEMP,NOT_IN_LBFRC,WORK_AT_HOME,TOT_COMM,DROVE_AL,CARPOOL,TRANSIT,WALK_BIKE,COMM_OTHER,AGG_TT,NO_VEH,ONE_VEH,TWO_VEH,THREEOM_VEH,POP_25OV,LT_HS,HS,SOME_COLL,ASSOC,BACH,GRAD_PROF,INC_LT_25K,INC_25_50K,INC_50_75K,INC_75_100K,INC_100_150K,INC_GT_150,MEDINC,TOT_HH,OWN_OCC_HU,RENT_OCC_HU,VAC_HU,HU_TOT,HU_SNG_DET,HU_SNG_ATT,HU_2UN,HU_3_4UN,HU_GT_5UN,MED_ROOMS,HA_AFT2000,HA_70_00,HA_40_70,HA_BEF1940,MED_HA,BR_0_1,BR_2,BR_3,BR_4,BR_5,TOT_EMP_RES,RES_NAICS1_TYPE,RES_NAICS2_TYPE,RES_NAICS3_TYPE,RES_NAICS4_TYPE,RES_NAICS5_TYPE,RES_NAICS1_COUNT,RES_NAICS2_COUNT,RES_NAICS3_COUNT,RES_NAICS4_COUNT,RES_NAICS5_COUNT,TOT_EMP_WORK,WORK_NAICS1_TYPE,WORK_NAICS2_TYPE,WORK_NAICS3_TYPE,WORK_NAICS4_TYPE,WORK_NAICS5_TYPE,WORK_NAICS1_COUNT,WORK_NAICS2_COUNT,WORK_NAICS3_COUNT,WORK_NAICS4_COUNT,WORK_NAICS5_COUNT,RES_CITY1_TYPE,RES_CITY2_TYPE,RES_CITY3_TYPE,RES_CITY4_TYPE,RES_CITY5_TYPE,RES_CITY1_COUNT,RES_CITY2_COUNT,RES_CITY3_COUNT,RES_CITY4_COUNT,RES_CITY5_COUNT,WORK_CITY1_TYPE,WORK_CITY2_TYPE,WORK_CITY3_TYPE,WORK_CITY4_TYPE,WORK_CITY5_TYPE,WORK_CITY1_COUNT,WORK_CITY2_COUNT,WORK_CITY3_COUNT,WORK_CITY4_COUNT,WORK_CITY5_COUNT,MedIncFam_Hcost,MedIncFam_Tcost,MedIncFam_HTcost,Ret_Hcost,Ret_Tcost,Ret_HTcost,SPFam_Hcost,SPFam_Tcost,SPFam_HTcost,ModIncFam_Hcost,ModIncFam_Tcost,ModIncFam_HTcost,IDES_START_EMP,IDES_MID_EMP,IDES_CURR_EMP,AVG_VMT,RET_SALES,RES_EAV,CMRCL_EAV,IND_EAV,RAIL_EAV,FARM_EAV,MIN_EAV,TOT_EAV,WALKSCORE,OPEN_SPACE_PER_1000,TOT_ACRES,SF,Sfperc,MF,Mfperc,MIX,MIXperc,COMM,COMMperc,INST,INSTperc,IND,INDperc,TRANS,TRANSperc,AG,Agperc,OPEN,OPENperc,VACANT,VACperc,CT_1PHH,CT_2PHH,CT_3PHH,CT_4MPHH,CT_FAM_HH,CT_SP_WCHILD,CT_NONFAM_HH,HCUND20K,HCUND20K_LT20PCT,HCUND20K_20_29PCT,HCUND20K_30MPCT,HC20Kto49K,HC20Kto49K_LT20PCT,HC20Kto49K_20_29PCT,HC20Kto49K_30MPCT,HC50Kto75K,HC50Kto75K_LT20PCT,HC50Kto75K_20_29PCT,HC50Kto75K_30MPCT,HCOV75K,HCOV75K_LT20PCT,HCOV75K_20_29PCT,HCOV75K_30MPCT,NATIVE,FOR_BORN,POP_OV5,ONLY_ENGLISH,NOT_ENGLISH,LING_ISO,ENGLISH,SPANISH,POLISH,CHINESE,TAGALOG,ARABIC,KOREAN,OTHER_ASIAN,OTHER_EURO,OTHER_UNSPEC,2000_WHITE,2000_HISP,2000_BLACK,2000_ASIAN,2000_OTHER
Albany Park,57655,51542,51575,13354,13738,11975,8232,2329,1343,604,33.6,14932,24892,2337,7883,1531,49998,41047,29653,27243,2339,11394,1041,25729,12814,2494,8580,1622,219,N/A,3413,7459,4184,1355,34065,7378,8192,5068,2047,7339,4041,3627,3835,2967,2091,2259,1632,55561,16411,6415,9996,1685,18096,3413,226,3476,3654,7303,5.4,834,1612,2924,12726,N/A,4353,7239,4790,1336,378,17805,Health Care,Accommodation and Food Service,Retail Trade,Professional,Education,2516,1939,1886,1526,1505,4977,Health Care,Retail Trade,Manufacturing,Administration,Information,1081,784,618,534,401,Outside of Chicago,The Loop,Near North Side,Near West Side,Albany Park,7184,2563,1390,769,560,Outside of Chicago,Albany Park,Irving Park,Belmont Cragin,Portage Park,2130,560,222,154,144,N/A,N/A,N/A,N/A,N/A,N/A,N/A,N/A,N/A,N/A,N/A,N/A,N/A,N/A,N/A,12281,N/A,N/A,N/A,N/A,N/A,N/A,N/A,N/A,N/A,1.661,1229.160,302.877,0.24641,295.528,0.24043,34.521,0.02808,75.040,0.06105,53.804,0.04377,20.188,0.01642,413.624,0.33651,N/A,N/A,28.103,0.02286,5.475,0.00445,4022,4412,2725,5252,10752,1534,5659,N/A,N/A,N/A,N/A,N/A,N/A,N/A,N/A,N/A,N/A,N/A,N/A,N/A,N/A,N/A,N/A,25587,22290,47877,16365,31512,16525,16365,21012,967,294,2310,621,650,1801,3294,563,15866,26741,1907,10178,2963
Archer Heights,12644,13393,13233,4016,2933,2879,1897,907,369,231,33.0,2477,10178,79,439,60,13231,10012,6700,6038,662,3312,80,5742,3582,878,935,329,19,N/A,600,1557,1107,642,8151,2599,2881,1535,278,663,195,946,1149,787,384,493,148,44949,3906,2188,1719,361,4267,1904,44,1092,1019,183,5.6,24,808,2248,1187,N/A,353,1497,1762,393,263,4679,Manufacturing,Administration,Accommodation and Food Service,Retail Trade,Health Care,718,539,511,510,433,9743,Manufacturing,Transportation,Administration,Wholesale Trade,Retail Trade,3154,1902,1395,814,766,Outside of Chicago,The Loop,Near North Side,Near West Side,Archer Heights,1821,598,293,255,251,Outside of Chicago,South Lawndale,Gage Park,Brighton Park,West Lawn,5060,284,266,262,258,N/A,N/A,N/A,N/A,N/A,N/A,N/A,N/A,N/A,N/A,N/A,N/A,N/A,N/A,N/A,15621,N/A,N/A,N/A,N/A,N/A,N/A,N/A,N/A,N/A,1.504,1283.804,168.550,0.13129,68.806,0.05360,18.177,0.01416,52.723,0.04107,37.963,0.02957,333.606,0.25986,555.887,0.43300,N/A,N/A,15.005,0.01169,33.087,0.02577,857,820,711,1518,2957,551,949,N/A,N/A,N/A,N/A,N/A,N/A,N/A,N/A,N/A,N/A,N/A,N/A,N/A,N/A,N/A,N/A,6810,5468,12278,2291,9988,4447,2291,8451,1118,301,29,24,0,0,64,0,6752,5485,74,48,285
Armour Square,12032,13391,13699,2997,2824,2539,2541,1371,1043,385,42.0,1599,423,1248,10299,130,13674,11536,6688,5879,809,4848,187,5523,2159,1003,1012,1234,114,N/A,2088,2168,783,125,9974,3342,3010,920,505,1313,884,2483,1136,648,324,425,149,26543,5165,1912,3252,527,5690,381,674,855,1114,2653,4.8,767,2163,895,1865,N/A,1414,1813,2049,261,153,4828,Accommodation and Food Service,Health Care,Retail Trade,Manufacturing,Professional,931,623,423,418,364,5107,Accommodation and Food Service,Administration,Arts and Entertainment,Health Care,Retail Trade,1531,797,758,718,360,Outside of Chicago,The Loop,Armour Square,Near North Side,Near West Side,1518,768,665,314,261,Outside of Chicago,Bridgeport,Armour Square,Brighton Park,McKinley Park,1236,724,665,256,237,N/A,N/A,N/A,N/A,N/A,N/A,N/A,N/A,N/A,N/A,N/A,N/A,N/A,N/A,N/A,8150,N/A,N/A,N/A,N/A,N/A,N/A,N/A,N/A,N/A,2.176,637.424,56.118,0.08804,79.236,0.12431,9.858,0.01547,89.513,0.14043,11.249,0.01765,18.035,0.02829,343.633,0.53910,N/A,N/A,15.019,0.02356,14.762,0.02316,1632,1426,829,1277,3293,362,1872,N/A,N/A,N/A,N/A,N/A,N/A,N/A,N/A,N/A,N/A,N/A,N/A,N/A,N/A,N/A,N/A,4922,8144,13066,3684,9382,6940,3684,235,25,8758,0,1,6,138,218,0,2062,448,2046,7305,171
Ashburn,39584,41081,43283,12983,8368,8998,8477,2855,977,625,35.5,5044,16374,20721,314,830,42697,33085,22477,19608,2869,10608,320,18643,13105,2592,2763,130,53,N/A,860,4331,5142,2500,26882,4417,8141,6584,2239,3595,1906,2021,2673,2653,2166,2215,1105,65499,12833,10784,2049,649,13482,11887,103,347,388,748,6.6,235,2039,10408,800,N/A,373,2421,6905,2802,981,16531,Health Care,Education,Public Administration,Retail Trade,Manufacturing,2208,2143,1706,1574,1409,5380,Retail Trade,Health Care,Utilities,Administration,Accommodation and Food Service,1144,998,811,441,382,Outside of Chicago,The Loop,Near North Side,Near West Side,Ashburn,6818,3795,847,844,288,Outside of Chicago,Ashburn,Auburn Gresham,Chicago Lawn,South Shore,2880,288,191,135,97,N/A,N/A,N/A,N/A,N/A,N/A,N/A,N/A,N/A,N/A,N/A,N/A,N/A,N/A,N/A,18740,N/A,N/A,N/A,N/A,N/A,N/A,N/A,N/A,N/A,1.803,3109.741,1267.655,0.40764,41.015,0.01319,9.862,0.00317,132.261,0.04253,182.694,0.05875,103.806,0.03338,1071.498,0.34456,N/A,N/A,259.867,0.08357,41.085,0.01321,2447,3001,2672,4713,10089,1770,2744,N/A,N/A,N/A,N/A,N/A,N/A,N/A,N/A,N/A,N/A,N/A,N/A,N/A,N/A,N/A,N/A,33201,7343,40544,26603,13941,5006,26603,12485,219,49,77,444,9,91,309,258,14546,6674,17045,408,911
Auburn Gresham,55928,48743,45770,11432,9224,7941,9587,4041,2700,845,39.6,257,614,44267,153,479,45656,36987,20671,15788,4876,16316,635,14864,8898,960,4638,265,103,N/A,5582,7574,3209,914,31118,5356,10100,8973,2113,2771,1805,7497,4448,2661,1297,1054,322,29821,17279,7529,9750,3304,20583,8613,307,4152,3445,4031,5.8,732,1727,9724,8400,N/A,3573,7132,6686,2264,928,14500,Health Care,Retail Trade,Administration,Education,Transportation,2816,1599,1562,1469,1226,2554,Retail Trade,Transportation,Accommodation and Food Service,Health Care,Manufacturing,619,343,334,225,178,Outside of Chicago,The Loop,Near North Side,Near West Side,Near South Side,4988,2709,1091,896,267,Outside of Chicago,Auburn Gresham,South Shore,Chicago Lawn,Roseland,957,240,83,74,73,N/A,N/A,N/A,N/A,N/A,N/A,N/A,N/A,N/A,N/A,N/A,N/A,N/A,N/A,N/A,10796,N/A,N/A,N/A,N/A,N/A,N/A,N/A,N/A,N/A,1.732,2411.969,800.140,0.33174,319.437,0.13244,22.147,0.00918,90.518,0.03753,109.089,0.04523,54.893,0.02276,834.364,0.34593,N/A,N/A,59.344,0.02460,122.036,0.05060,6075,4776,2929,3499,10610,2694,6669,N/A,N/A,N/A,N/A,N/A,N/A,N/A,N/A,N/A,N/A,N/A,N/A,N/A,N/A,N/A,N/A,42495,737,43232,42479,753,224,42479,377,2,0,20,0,11,61,202,80,237,347,54862,45,437
Austin,117527,98514,97611,27986,20929,18001,18709,7336,3498,1152,34.8,4407,12270,79668,475,791,96571,75407,41617,34244,7364,33790,906,32683,19572,2368,9518,690,535,N/A,10651,13091,6320,2317,61875,13410,22597,13151,4490,5481,2746,13062,8848,4561,2583,2362,963,31920,32379,12960,19419,4834,37213,9847,615,11490,6869,8293,5.8,1261,2443,8837,24672,N/A,6583,14019,11165,3422,2024,33535,Health Care,Administration,Retail Trade,Accommodation and Food Service,Education,6078,4046,3793,2917,2703,15815,Health Care,Administration,Retail Trade,Manufacturing,Construction,3998,2293,2288,2140,1059,Outside of Chicago,The Loop,Near North Side,Near West Side,Austin,15317,4817,1990,1695,1172,Outside of Chicago,Austin,Lake View,Belmont Cragin,Near North Side,7797,1172,312,299,273,N/A,N/A,N/A,N/A,N/A,N/A,N/A,N/A,N/A,N/A,N/A,N/A,N/A,N/A,N/A,10556,N/A,N/A,N/A,N/A,N/A,N/A,N/A,N/A,N/A,0.699,4574.247,958.053,0.20944,794.188,0.17362,62.312,0.01362,206.106,0.04506,206.258,0.04509,499.205,0.10913,1470.444,0.32146,N/A,N/A,199.701,0.04366,177.979,0.03891,9990,8538,5202,8649,21036,5987,11343,N/A,N/A,N/A,N/A,N/A,N/A,N/A,N/A,N/A,N/A,N/A,N/A,N/A,N/A,N/A,N/A,85410,4859,90269,78858,11411,4262,78858,9805,484,0,135,148,97,72,575,95,5662,4841,105369,642,1013
Avalon Park,11147,10185,9795,2150,1676,1668,2329,1045,651,277,44.7,37,68,9573,19,99,9782,8217,4294,3255,1039,3923,182,2905,2028,268,591,9,9,N/A,952,1694,959,269,7075,852,1689,2443,492,1066,533,1387,986,478,488,343,191,37671,3873,2528,1344,625,4497,2760,233,362,441,701,6.3,428,293,1889,1887,N/A,1016,935,1444,689,413,3262,Health Care,Education,Public Administration,Retail Trade,Administration,596,453,339,313,286,3101,Health Care,Construction,Accommodation and Food Service,Other Service,Retail Trade,1959,346,136,125,123,Outside of Chicago,The Loop,Near North Side,Near West Side,Avalon Park,915,814,275,182,85,Outside of Chicago,Chatham,Roseland,South Shore,Auburn Gresham,1001,144,129,122,120,N/A,N/A,N/A,N/A,N/A,N/A,N/A,N/A,N/A,N/A,N/A,N/A,N/A,N/A,N/A,14159,N/A,N/A,N/A,N/A,N/A,N/A,N/A,N/A,N/A,2.859,800.109,304.059,0.38002,27.299,0.03412,2.578,0.00322,44.905,0.05612,43.012,0.05376,12.009,0.01501,313.565,0.39190,N/A,N/A,28.048,0.03506,24.633,0.03079,1563,1107,529,675,2208,490,1665,N/A,N/A,N/A,N/A,N/A,N/A,N/A,N/A,N/A,N/A,N/A,N/A,N/A,N/A,N/A,N/A,8967,147,9114,8932,182,33,8932,61,0,0,0,0,0,47,16,59,96,85,10816,19,131
Avondale,43083,39262,38191,9226,12162,7750,5307,2173,1063,510,32.4,11898,23368,800,1340,785,38114,30712,21034,19633,1401,9678,790,18498,9449,1986,5814,949,300,N/A,2679,6642,3342,855,25860,6969,6215,3791,1225,4779,2881,3221,3890,2537,1428,1391,1051,47714,13518,4992,8526,1620,15138,2397,376,4558,4625,3162,5.5,1086,898,2081,11073,N/A,2956,6989,3952,807,434,15135,Accommodation and Food Service,Health Care,Retail Trade,Professional,Manufacturing,1722,1590,1493,1430,1342,8088,Retail Trade,Manufacturing,Utilities,Accommodation and Food Service,Construction,1759,1316,1057,748,548,Outside of Chicago,The Loop,Near North Side,Near West Side,West Town,5498,2460,1310,850,533,Outside of Chicago,Avondale,Logan Square,Belmont Cragin,Portage Park,3911,343,318,228,188,N/A,N/A,N/A,N/A,N/A,N/A,N/A,N/A,N/A,N/A,N/A,N/A,N/A,N/A,N/A,16583,N/A,N/A,N/A,N/A,N/A,N/A,N/A,N/A,N/A,0.875,1269.297,161.303,0.12708,312.134,0.24591,34.999,0.02757,100.362,0.07907,27.475,0.02165,130.909,0.10314,478.378,0.37688,N/A,N/A,8.819,0.00695,14.918,0.01175,3687,3974,2526,3331,8045,1288,5473,N/A,N/A,N/A,N/A,N/A,N/A,N/A,N/A,N/A,N/A,N/A,N/A,N/A,N/A,N/A,N/A,22021,13426,35447,13925,21522,10552,13925,18051,1890,60,378,98,10,392,633,10,12757,26700,669,953,2004
Belmont Cragin,78144,78743,78107,24443,17805,17084,12405,4072,1615,682,32.5,10859,62945,2194,1333,775,77772,58425,40700,36277,4406,17725,537,34935,22374,4891,5501,1343,827,N/A,3191,8988,6781,2981,47925,17258,14394,7502,2566,4385,1819,5462,6412,4662,2118,2490,796,44796,21941,10981,10961,2325,24266,9010,544,5977,5547,3096,5.7,1128,2118,8453,12569,N/A,3588,9917,6759,2633,1370,26150,Manufacturing,Retail Trade,Health Care,Administration,Accommodation and Food Service,3630,3182,3170,2758,2679,13934,Administration,Retail Trade,Accommodation and Food Service,Health Care,Manufacturing,6420,2616,968,714,659,Outside of Chicago,The Loop,Near North Side,Near West Side,Belmont Cragin,12513,2731,1365,977,975,Outside of Chicago,Belmont Cragin,Austin,Portage Park,South Lawndale,7353,975,391,289,277,N/A,N/A,N/A,N/A,N/A,N/A,N/A,N/A,N/A,N/A,N/A,N/A,N/A,N/A,N/A,14137,N/A,N/A,N/A,N/A,N/A,N/A,N/A,N/A,N/A,0.888,2504.578,711.919,0.28425,385.335,0.15385,48.239,0.01926,242.313,0.09675,146.582,0.05853,121.359,0.04845,775.695,0.30971,N/A,N/A,64.780,0.02586,8.356,0.00334,4351,4667,3962,8961,16684,3638,5257,N/A,N/A,N/A,N/A,N/A,N/A,N/A,N/A,N/A,N/A,N/A,N/A,N/A,N/A,N/A,N/A,41760,30010,71770,12965,58805,27126,12965,52636,4279,17,936,309,27,206,359,36,21881,50881,2000,1989,1393
Beverly,21992,20034,20836,5367,2802,4448,5214,1918,818,269,42.9,12043,1200,7047,89,457,20810,16452,10866,10152,714,5586,418,9481,6700,593,1928,208,52,N/A,382,2775,3118,1335,14447,457,2043,2853,1048,3955,4091,744,1180,1105,1212,1337,2032,91007,7610,6162,1448,424,8034,6261,72,329,242,1114,7.2,124,340,3818,3752,N/A,894,1434,3218,1724,764,9791,Education,Public Administration,Health Care,Professional,Retail Trade,1810,1257,1167,760,696,3328,Health Care,Accommodation and Food Service,Retail Trade,Education,Administration,613,474,430,417,411,Outside of Chicago,The Loop,Near North Side,Near West Side,Beverly,3633,3090,488,459,322,Outside of Chicago,Beverly,Morgan Park,Roseland,Auburn Gresham,1586,322,99,92,74,N/A,N/A,N/A,N/A,N/A,N/A,N/A,N/A,N/A,N/A,N/A,N/A,N/A,N/A,N/A,15506,N/A,N/A,N/A,N/A,N/A,N/A,N/A,N/A,N/A,2.047,2038.094,1043.624,0.51206,58.803,0.02885,9.862,0.00484,66.066,0.03242,42.688,0.02094,N/A,N/A,548.885,0.26931,N/A,N/A,257.611,0.12640,10.555,0.00518,2018,2319,1261,2012,5325,358,2285,N/A,N/A,N/A,N/A,N/A,N/A,N/A,N/A,N/A,N/A,N/A,N/A,N/A,N/A,N/A,N/A,18762,639,19401,18449,952,199,18449,553,60,18,39,8,0,4,199,71,13814,643,7006,121,408
Bridgeport,33694,31977,32789,6667,8973,6270,7157,2211,1040,470,36.7,10955,8160,863,12193,618,32764,27392,18073,16279,1794,9319,351,15657,8011,2426,3456,1481,284,N/A,3020,5538,3198,788,23516,5144,6899,3647,1516,4099,2211,3609,3458,2099,1274,1218,882,42630,12540,5572,6969,1184,13726,3739,461,3387,3916,2206,5.3,1778,1622,1554,8772,N/A,2163,5608,4258,1314,383,13253,Accommodation and Food Service,Health Care,Education,Retail Trade,Manufacturing,1940,1423,1215,1195,1087,4390,Manufacturing,Retail Trade,Accommodation and Food Service,Finance,Education,1395,442,405,375,354,Outside of Chicago,The Loop,Near North Side,Near West Side,Armour Square,4070,2503,1037,939,724,Outside of Chicago,Bridgeport,New City,Brighton Park,Armour Square,1670,540,117,117,99,N/A,N/A,N/A,N/A,N/A,N/A,N/A,N/A,N/A,N/A,N/A,N/A,N/A,N/A,N/A,11837,N/A,N/A,N/A,N/A,N/A,N/A,N/A,N/A,N/A,1.953,1338.189,243.563,0.18201,224.911,0.16807,31.113,0.02325,55.910,0.04178,32.920,0.02460,135.145,0.10099,491.184,0.36705,N/A,N/A,47.658,0.03561,75.786,0.05663,3796,3607,2582,2556,7502,983,5038,N/A,N/A,N/A,N/A,N/A,N/A,N/A,N/A,N/A,N/A,N/A,N/A,N/A,N/A,N/A,N/A,19123,11703,30826,14091,16735,8952,14091,5028,212,10421,104,20,74,190,676,11,13819,10165,354,8808,548
Brighton Park,44912,45368,44231,14750,10005,10001,6233,1898,915,429,31.2,2798,37468,453,3253,259,44156,32664,20782,18383,2397,11882,244,17746,10746,2582,3421,807,190,N/A,1881,5111,3653,1540,25981,11325,7928,3322,1132,1693,581,3455,4329,2134,1062,819,386,38673,12185,5778,6407,1767,13952,3305,255,6474,3475,411,5.4,444,1171,2972,9365,N/A,1196,5980,5104,1126,546,12544,Manufacturing,Accommodation and Food Service,Administration,Retail Trade,Health Care,1838,1527,1455,1400,1238,5273,Manufacturing,Retail Trade,Wholesale Trade,Administration,Accommodation and Food Service,1460,844,782,594,363,Outside of Chicago,The Loop,Near North Side,Near West Side,Brighton Park,4695,1506,769,691,517,Outside of Chicago,Brighton Park,Gage Park,South Lawndale,Chicago Lawn,2328,517,172,160,119,N/A,N/A,N/A,N/A,N/A,N/A,N/A,N/A,N/A,N/A,N/A,N/A,N/A,N/A,N/A,13383,N/A,N/A,N/A,N/A,N/A,N/A,N/A,N/A,N/A,0.911,1742.259,246.083,0.14124,304.092,0.17454,27.385,0.01572,79.468,0.04561,46.854,0.02689,276.753,0.15885,697.362,0.40026,N/A,N/A,8.123,0.00466,56.140,0.03222,2084,2345,2121,5635,9650,1686,2535,N/A,N/A,N/A,N/A,N/A,N/A,N/A,N/A,N/A,N/A,N/A,N/A,N/A,N/A,N/A,N/A,20867,20419,41286,6323,34963,16521,6323,31490,247,2742,89,8,0,113,224,50,8300,34409,221,1288,694
Burnside,3294,2916,2442,687,463,315,447,313,155,62,38.6,11,0,2419,0,12,2442,1961,1029,840,189,932,13,778,370,132,276,0,0,N/A,417,308,126,75,1523,285,434,454,139,98,113,473,226,49,95,63,20,24462,926,437,489,378,1304,685,53,221,117,228,5.8,263,153,348,540,N/A,337,293,402,202,70,842,Health Care,Education,Administration,Accommodation and Food Service,Retail Trade,166,112,89,80,79,2344,Transportation,Manufacturing,Health Care,Retail Trade,Other Service,1529,507,112,90,52,Outside of Chicago,The Loop,Near North Side,Near West Side,Hyde Park,307,166,68,52,21,Outside of Chicago,Auburn Gresham,Greater Grand Crossing,Roseland,South Shore,827,107,102,94,93,N/A,N/A,N/A,N/A,N/A,N/A,N/A,N/A,N/A,N/A,N/A,N/A,N/A,N/A,N/A,15618,N/A,N/A,N/A,N/A,N/A,N/A,N/A,N/A,N/A,1.002,390.174,67.206,0.17225,13.892,0.03561,1.650,0.00423,14.604,0.03743,7.373,0.01890,116.360,0.29822,130.647,0.33484,N/A,N/A,7.019,0.01799,31.424,0.08054,442,207,42,235,451,91,475,N/A,N/A,N/A,N/A,N/A,N/A,N/A,N/A,N/A,N/A,N/A,N/A,N/A,N/A,N/A,N/A,2232,93,2325,2248,77,26,2248,0,0,0,0,0,0,0,70,7,40,34,3180,7,33
Calumet Heights,15974,13812,13306,2509,1883,2803,2875,1661,1072,503,47.0,161,465,12566,12,102,13300,11401,6306,5395,911,5095,178,5113,3236,434,1342,77,24,N/A,916,2475,1415,492,10071,1138,2628,2713,968,1545,1079,1476,1276,904,758,695,189,48161,5298,4058,1240,721,6019,4595,176,557,454,189,6.4,72,350,4197,1400,N/A,346,1463,3110,779,321,4677,Health Care,Education,Public Administration,Administration,Accommodation and Food Service,828,696,457,419,375,2097,Health Care,Accommodation and Food Service,Retail Trade,Professional,Information,1334,244,189,71,62,Outside of Chicago,The Loop,Near North Side,Near West Side,Avalon Park,1458,1309,332,302,75,Outside of Chicago,South Shore,South Chicago,Auburn Gresham,Calumet Heights,1229,59,48,45,41,N/A,N/A,N/A,N/A,N/A,N/A,N/A,N/A,N/A,N/A,N/A,N/A,N/A,N/A,N/A,15263,N/A,N/A,N/A,N/A,N/A,N/A,N/A,N/A,N/A,1.450,1120.896,436.211,0.38916,49.682,0.04432,3.593,0.00321,35.949,0.03207,30.248,0.02699,10.154,0.00906,463.358,0.41338,N/A,N/A,21.083,0.01881,70.619,0.06300,1809,1881,684,924,3266,475,2032,N/A,N/A,N/A,N/A,N/A,N/A,N/A,N/A,N/A,N/A,N/A,N/A,N/A,N/A,N/A,N/A,12232,704,12936,11993,943,281,11993,444,0,7,0,0,0,0,333,159,206,747,14817,33,171
Chatham,37275,31028,30991,7677,5925,5494,7135,2159,1733,867,39.5,459,311,29836,93,291,30951,24579,15032,12161,2871,9547,435,11229,6151,928,3702,287,161,N/A,4721,5857,2444,513,21151,2596,5925,6111,1701,2805,2013,5551,3558,1993,1183,933,316,32348,13534,5142,8393,3066,16601,5268,534,1719,2422,6638,5.4,527,1575,7437,7062,N/A,4642,5705,4659,1238,357,9908,Health Care,Education,Administration,Retail Trade,Accommodation and Food Service,1910,1226,1020,937,794,4301,Retail Trade,Finance,Other Service,Transportation,Health Care,1725,589,445,404,306,Outside of Chicago,The Loop,Near North Side,Near West Side,Chatham,2908,2198,856,630,181,Outside of Chicago,Chatham,Auburn Gresham,South Shore,Greater Grand Crossing,2031,181,139,130,122,N/A,N/A,N/A,N/A,N/A,N/A,N/A,N/A,N/A,N/A,N/A,N/A,N/A,N/A,N/A,11046,N/A,N/A,N/A,N/A,N/A,N/A,N/A,N/A,N/A,1.741,1889.823,527.918,0.27935,255.670,0.13529,17.706,0.00937,178.998,0.09472,69.079,0.03655,46.856,0.02479,685.508,0.36274,N/A,N/A,34.887,0.01846,73.201,0.03873,5903,3509,2335,1786,6900,2332,6634,N/A,N/A,N/A,N/A,N/A,N/A,N/A,N/A,N/A,N/A,N/A,N/A,N/A,N/A,N/A,N/A,28103,565,28668,27464,1204,277,27464,661,28,20,0,0,0,21,157,316,121,220,36538,24,372
Chicago Lawn,61412,55628,54265,17878,12399,10881,8698,2865,1099,445,31.1,1973,26109,25023,304,856,53962,40169,25890,20233,5657,14279,430,18947,11576,2671,3999,658,43,N/A,4403,5809,3914,1789,31826,9412,11457,6620,1786,1845,706,6195,4867,2299,1362,852,340,33616,15915,6902,9013,2926,18841,7660,152,4186,4009,2792,5.7,305,1724,10675,6137,N/A,3253,6059,6337,2039,1153,16455,Health Care,Administration,Retail Trade,Manufacturing,Accommodation and Food Service,2375,1943,1822,1803,1661,3543,Retail Trade,Health Care,Accommodation and Food Service,Other Service,Transportation,1744,440,304,226,186,Outside of Chicago,The Loop,Near North Side,Near West Side,West Town,7170,2017,914,862,308,Outside of Chicago,Chicago Lawn,Gage Park,Ashburn,West Lawn,1719,238,85,80,79,N/A,N/A,N/A,N/A,N/A,N/A,N/A,N/A,N/A,N/A,N/A,N/A,N/A,N/A,N/A,13492,N/A,N/A,N/A,N/A,N/A,N/A,N/A,N/A,N/A,0.015,2256.186,672.623,0.29812,255.773,0.11337,34.140,0.01513,105.498,0.04676,65.371,0.02897,54.711,0.02425,706.760,0.31325,N/A,N/A,308.420,0.13670,52.891,0.02344,4013,3623,2254,6025,11118,3007,4797,N/A,N/A,N/A,N/A,N/A,N/A,N/A,N/A,N/A,N/A,N/A,N/A,N/A,N/A,N/A,N/A,36985,12730,49715,27056,22659,10362,27056,21831,73,37,57,104,0,16,482,59,6190,21534,32240,393,1055
Clearing,22331,23139,25200,6556,5422,5525,4469,1837,859,532,36.8,11672,12527,340,361,300,25190,19758,13478,12123,1355,6280,157,11752,8297,1097,1798,457,103,N/A,833,3332,3464,1025,17141,2591,6755,3556,1300,2094,845,1598,1790,1887,1415,1417,547,62908,8654,5979,2675,509,9163,5265,516,571,881,1911,5.7,339,2293,5517,1014,N/A,904,2658,4269,904,428,10539,Education,Public Administration,Health Care,Manufacturing,Retail Trade,1203,1084,1037,1032,1015,3966,Manufacturing,Construction,Professional,Wholesale Trade,Real Estate,843,715,485,476,352,Outside of Chicago,The Loop,Near West Side,Near North Side,Garfield Ridge,4546,2386,481,475,281,Outside of Chicago,Clearing,Garfield Ridge,Chicago Lawn,Brighton Park,2619,213,92,76,75,N/A,N/A,N/A,N/A,N/A,N/A,N/A,N/A,N/A,N/A,N/A,N/A,N/A,N/A,N/A,17022,N/A,N/A,N/A,N/A,N/A,N/A,N/A,N/A,N/A,1.865,1633.269,517.285,0.31672,77.171,0.04725,10.413,0.00638,45.097,0.02761,19.761,0.01210,131.305,0.08039,782.300,0.47898,N/A,N/A,34.393,0.02106,15.544,0.00952,2079,2589,1210,2776,6153,810,2501,N/A,N/A,N/A,N/A,N/A,N/A,N/A,N/A,N/A,N/A,N/A,N/A,N/A,N/A,N/A,N/A,18499,4966,23465,12921,10544,3378,12921,7791,1747,0,158,164,64,45,559,16,17047,4688,137,152,307
Douglas,26470,18238,20559,4152,6316,3743,3413,1476,949,510,34.2,2356,649,14460,2639,455,17914,17886,9861,8281,1580,8025,380,7559,3304,435,2928,819,73,N/A,3521,4668,1076,225,13695,1748,2635,2976,823,2879,2634,4438,1895,1478,770,495,414,29398,9490,1664,7826,1075,10565,754,646,304,553,8293,3.9,1054,3099,4947,1465,N/A,5167,3048,1644,589,117,6667,Health Care,Education,Administration,Retail Trade,Accommodation and Food Service,1146,883,627,573,570,6708,Education,Health Care,Real Estate,Administration,Accommodation and Food Service,2413,1315,652,608,429,Outside of Chicago,The Loop,Near North Side,Near West Side,Douglas,1778,1693,641,542,197,Outside of Chicago,Douglas,Auburn Gresham,South Shore,Greater Grand Crossing,2339,197,183,174,160,N/A,N/A,N/A,N/A,N/A,N/A,N/A,N/A,N/A,N/A,N/A,N/A,N/A,N/A,N/A,11547,N/A,N/A,N/A,N/A,N/A,N/A,N/A,N/A,N/A,8.483,1052.859,70.368,0.06684,166.382,0.15803,3.524,0.00335,51.137,0.04857,230.894,0.21930,0.811,0.00077,333.118,0.31639,N/A,N/A,74.656,0.07091,121.968,0.11584,5180,2557,1031,722,3315,1084,6175,N/A,N/A,N/A,N/A,N/A,N/A,N/A,N/A,N/A,N/A,N/A,N/A,N/A,N/A,N/A,N/A,16311,3499,19810,15950,3860,1772,15950,526,64,1307,50,113,88,395,1104,213,1745,295,22635,1390,405
Dunning,42164,41932,43444,10152,8785,8509,9174,3866,1938,1020,40.3,27862,12559,895,1755,373,43261,35236,23573,22193,1311,11663,281,21617,16637,1840,2312,555,273,N/A,1352,6070,5944,2170,31120,4142,10060,6819,2617,5117,2365,2915,3612,2633,2463,2654,1259,61590,15536,11449,4087,952,16488,10561,470,1169,1137,3074,5.8,835,3211,8463,3979,N/A,1613,6381,5791,2087,616,19324,Health Care,Retail Trade,Manufacturing,Education,Accommodation and Food Service,2424,2112,1927,1793,1502,6701,Health Care,Education,Administration,Retail Trade,Manufacturing,1739,1063,754,733,630,Outside of Chicago,The Loop,Near North Side,Near West Side,Dunning,9810,3044,771,678,554,Outside of Chicago,Dunning,Portage Park,Austin,Belmont Cragin,2883,554,225,193,171,N/A,N/A,N/A,N/A,N/A,N/A,N/A,N/A,N/A,N/A,N/A,N/A,N/A,N/A,N/A,15422,N/A,N/A,N/A,N/A,N/A,N/A,N/A,N/A,N/A,1.049,2378.214,1011.558,0.42534,138.364,0.05818,21.706,0.00913,68.032,0.02861,358.009,0.15054,29.325,0.01233,641.290,0.26965,0.086,0.00004,73.333,0.03084,36.511,0.01535,4121,4661,2810,3944,10853,1228,4683,N/A,N/A,N/A,N/A,N/A,N/A,N/A,N/A,N/A,N/A,N/A,N/A,N/A,N/A,N/A,N/A,27189,13552,40741,19034,21707,8749,19034,8732,9020,154,876,255,34,194,2297,145,34394,5441,234,1315,780
East Garfield Park,20881,20567,20225,6430,5031,3571,3298,1071,601,224,30.4,1079,711,18147,80,208,19305,14913,7488,6119,1369,7425,273,5763,2813,238,2278,286,147,N/A,2988,2723,955,260,11862,2544,4005,2733,785,1205,591,3551,1466,703,618,388,199,24000,6925,1546,5379,1481,8406,971,365,2181,2520,2369,5.5,722,984,1161,5539,N/A,1862,2479,2975,792,299,7101,Health Care,Retail Trade,Administration,Education,Accommodation and Food Service,1303,843,814,661,625,3521,Health Care,Professional,Administration,Construction,Manufacturing,1247,656,424,279,163,Outside of Chicago,The Loop,Near West Side,Near North Side,West Town,2775,1091,498,479,222,Outside of Chicago,Austin,East Garfield Park,Humboldt Park,Logan Square,1427,159,109,92,87,N/A,N/A,N/A,N/A,N/A,N/A,N/A,N/A,N/A,N/A,N/A,N/A,N/A,N/A,N/A,7995,N/A,N/A,N/A,N/A,N/A,N/A,N/A,N/A,N/A,4.223,1236.989,58.835,0.04756,208.105,0.16824,9.222,0.00745,38.664,0.03126,82.525,0.06671,74.814,0.06048,412.464,0.33344,N/A,N/A,183.051,0.14798,169.310,0.13687,2467,1665,1077,1717,4235,1585,2690,N/A,N/A,N/A,N/A,N/A,N/A,N/A,N/A,N/A,N/A,N/A,N/A,N/A,N/A,N/A,N/A,18249,336,18584,17852,733,189,17852,605,47,0,46,6,0,19,9,1,235,207,20296,25,118
East Side,23653,23042,22982,7426,4751,4503,3979,1183,748,392,32.6,3929,18387,562,66,38,22976,17379,11240,9170,2050,6139,75,9021,6556,1067,1031,351,17,N/A,975,2597,2100,1157,13761,4174,4731,2508,621,1240,487,1786,2030,1148,947,669,249,42918,6828,4712,2117,916,7744,4807,158,1626,906,249,6.1,102,478,4074,3089,N/A,421,2356,3502,1188,277,7491,Manufacturing,Health Care,Education,Accommodation and Food Service,Retail Trade,1040,930,771,723,689,1425,Transportation,Administration,Retail Trade,Accommodation and Food Service,Construction,276,206,206,166,157,Outside of Chicago,The Loop,Near North Side,Near West Side,East Side,3275,1267,368,306,224,Outside of Chicago,East Side,Hegewisch,South Deering,South Chicago,821,224,40,36,30,N/A,N/A,N/A,N/A,N/A,N/A,N/A,N/A,N/A,N/A,N/A,N/A,N/A,N/A,N/A,18054,N/A,N/A,N/A,N/A,N/A,N/A,N/A,N/A,N/A,7.508,1908.481,465.409,0.24386,80.895,0.04239,11.952,0.00626,58.425,0.03061,99.845,0.05232,112.396,0.05889,739.723,0.38760,N/A,N/A,209.726,0.10989,130.111,0.06818,1464,1475,1244,2644,5239,958,1589,N/A,N/A,N/A,N/A,N/A,N/A,N/A,N/A,N/A,N/A,N/A,N/A,N/A,N/A,N/A,N/A,14951,6666,21617,6211,15405,5239,6211,14872,412,33,0,18,0,0,70,1,6951,16113,242,57,290
Edgewater,62198,56521,55430,8155,16364,12013,11269,4434,2049,1146,38.4,30615,9081,7592,6430,1712,52325,49792,34046,31680,2366,15746,1968,29297,11045,1843,13580,2190,639,N/A,11243,12907,4001,516,43577,4102,6425,6974,2278,13743,10055,8023,6735,5020,3033,3117,2739,47636,28667,10262,18405,3684,32351,2016,410,1827,2690,25382,4.3,1021,6583,10934,13813,N/A,17752,9704,3668,792,435,26824,Health Care,Professional,Education,Accommodation and Food Service,Retail Trade,3571,3471,3006,2882,2352,12608,Education,Health Care,Accommodation and Food Service,Retail Trade,Other Service,3816,3374,1676,1119,603,Outside of Chicago,The Loop,Near North Side,Near West Side,Edgewater,8639,5652,3381,1503,1153,Outside of Chicago,Edgewater,Rogers Park,West Ridge,Uptown,5005,1153,626,558,497,N/A,N/A,N/A,N/A,N/A,N/A,N/A,N/A,N/A,N/A,N/A,N/A,N/A,N/A,N/A,7649,N/A,N/A,N/A,N/A,N/A,N/A,N/A,N/A,N/A,1.748,1111.665,148.265,0.13337,355.067,0.31940,24.600,0.02213,77.292,0.06953,61.803,0.05559,6.570,0.00591,348.572,0.31356,N/A,N/A,81.265,0.07310,8.231,0.00740,15039,8951,2524,2153,10392,1111,18275,N/A,N/A,N/A,N/A,N/A,N/A,N/A,N/A,N/A,N/A,N/A,N/A,N/A,N/A,N/A,N/A,37387,15883,53270,33831,19439,8268,33831,7262,3037,588,908,282,150,1495,3726,1991,29782,12176,10564,7172,2504
Edison Park,11328,11187,11008,2399,2211,2487,2141,803,691,275,41.6,9760,749,148,236,114,11001,8954,6366,6105,261,2588,183,5815,4527,267,679,230,112,N/A,320,1496,2062,587,8169,349,1695,1678,598,2369,1481,412,810,562,739,669,1273,90173,4465,3409,1055,399,4863,3215,76,144,248,1181,6.0,136,591,3083,1053,N/A,546,1532,1619,983,184,6114,Public Administration,Education,Health Care,Retail Trade,Professional,856,842,677,517,484,2606,Administration,Professional,Accommodation and Food Service,Health Care,Real Estate,891,422,211,205,128,Outside of Chicago,The Loop,Near North Side,Near West Side,O'Hare,2956,1524,250,166,163,Outside of Chicago,Edison Park,Norwood Park,Austin,Dunning,1460,134,104,57,54,N/A,N/A,N/A,N/A,N/A,N/A,N/A,N/A,N/A,N/A,N/A,N/A,N/A,N/A,N/A,14890,N/A,N/A,N/A,N/A,N/A,N/A,N/A,N/A,N/A,2.053,726.270,379.042,0.52190,40.016,0.05510,5.992,0.00825,23.776,0.03274,10.743,0.01479,9.081,0.01250,236.621,0.32580,N/A,N/A,20.232,0.02786,0.766,0.00105,1273,1675,535,982,2957,134,1508,N/A,N/A,N/A,N/A,N/A,N/A,N/A,N/A,N/A,N/A,N/A,N/A,N/A,N/A,N/A,N/A,9235,1266,10501,8579,1922,587,8579,565,513,5,10,11,18,132,635,33,10572,463,19,200,74
Englewood,40222,30654,26020,8303,6249,3883,4497,1734,962,392,31.1,204,756,24690,62,308,25883,19286,10149,6564,3585,9137,347,5972,2833,336,2566,153,84,N/A,4460,3489,1052,190,15607,3835,5624,3867,1125,873,283,5360,2258,775,418,304,76,20112,9191,2363,6828,5045,14236,3211,324,4955,2225,3485,5.7,701,2084,4124,7327,N/A,2560,4698,4792,1516,670,7241,Health Care,Administration,Retail Trade,Accommodation and Food Service,Transportation,1403,952,938,740,540,1959,Health Care,Retail Trade,Education,Other Service,Accommodation and Food Service,1150,326,168,102,59,Outside of Chicago,The Loop,Near North Side,Near West Side,Near South Side,3015,957,441,397,130,Outside of Chicago,Englewood,Auburn Gresham,Chicago Lawn,Greater Grand Crossing,712,108,87,60,59,N/A,N/A,N/A,N/A,N/A,N/A,N/A,N/A,N/A,N/A,N/A,N/A,N/A,N/A,N/A,7668,N/A,N/A,N/A,N/A,N/A,N/A,N/A,N/A,N/A,2.326,1966.307,237.933,0.12101,305.826,0.15553,13.530,0.00688,38.241,0.01945,169.939,0.08643,13.498,0.00686,720.565,0.36646,N/A,N/A,43.649,0.02220,423.126,0.21519,3568,1971,1476,2176,5344,2039,3847,N/A,N/A,N/A,N/A,N/A,N/A,N/A,N/A,N/A,N/A,N/A,N/A,N/A,N/A,N/A,N/A,23008,618,23626,22797,829,303,22797,590,7,5,8,0,0,34,46,139,178,347,39352,27,318
Forest Glen,18165,18508,18651,5085,2678,4039,3831,1438,1071,509,41.3,13669,2440,169,1976,397,18627,14184,9763,9265,498,4421,397,8667,6782,670,1050,121,44,N/A,320,2137,3124,1099,12796,615,1876,1991,559,4461,3293,701,856,753,755,1482,2131,108146,6678,6023,656,465,7144,5909,330,287,238,380,7.0,297,632,4537,1678,N/A,303,1519,3710,1214,397,8533,Education,Health Care,Public Administration,Professional,Retail Trade,1157,1132,860,813,723,4743,Health Care,Professional,Retail Trade,Wholesale Trade,Finance,1832,617,421,359,233,Outside of Chicago,The Loop,Near North Side,Near West Side,Forest Glen,3325,2236,491,313,248,Outside of Chicago,Forest Glen,West Ridge,Portage Park,Albany Park,2696,248,139,114,105,N/A,N/A,N/A,N/A,N/A,N/A,N/A,N/A,N/A,N/A,N/A,N/A,N/A,N/A,N/A,17034,N/A,N/A,N/A,N/A,N/A,N/A,N/A,N/A,N/A,2.698,2046.164,822.335,0.40189,33.147,0.01620,6.030,0.00295,47.552,0.02324,42.836,0.02093,10.391,0.00508,605.475,0.29591,N/A,N/A,471.433,0.23040,6.965,0.00340,1488,2174,1002,2015,4977,352,1701,N/A,N/A,N/A,N/A,N/A,N/A,N/A,N/A,N/A,N/A,N/A,N/A,N/A,N/A,N/A,N/A,14186,3226,17412,12125,5287,1469,12125,1577,763,125,523,132,196,348,1276,346,14793,1389,71,1586,326
Fuller Park,3420,2876,2457,502,446,364,538,391,153,64,47.1,123,141,2175,16,2,2451,2013,968,697,271,1045,3,665,331,72,224,37,1,N/A,642,271,146,29,1780,472,648,318,143,122,77,603,281,86,52,61,6,22456,1089,384,710,422,1515,308,83,457,192,457,5.2,44,213,593,665,N/A,463,471,448,66,68,849,Health Care,Retail Trade,Administration,Accommodation and Food Service,Education,170,107,96,79,69,1480,Manufacturing,Wholesale Trade,Retail Trade,Health Care,Accommodation and Food Service,527,280,235,191,142,Outside of Chicago,The Loop,Near West Side,Near North Side,Near South Side,304,110,58,54,19,Outside of Chicago,Auburn Gresham,Austin,New City,Chicago Lawn,662,52,44,38,33,N/A,N/A,N/A,N/A,N/A,N/A,N/A,N/A,N/A,N/A,N/A,N/A,N/A,N/A,N/A,7070,N/A,N/A,N/A,N/A,N/A,N/A,N/A,N/A,N/A,3.236,457.225,27.788,0.06077,27.830,0.06087,3.916,0.00856,16.708,0.03654,20.091,0.04394,34.175,0.07474,262.792,0.57476,N/A,N/A,11.254,0.02461,52.671,0.11520,539,240,148,162,522,90,568,N/A,N/A,N/A,N/A,N/A,N/A,N/A,N/A,N/A,N/A,N/A,N/A,N/A,N/A,N/A,N/A,2200,114,2314,2182,132,49,2182,77,26,6,0,1,0,0,16,6,18,116,3225,6,55
Gage Park,39193,39894,40926,14756,10039,8526,4966,1800,600,239,28.2,1432,37904,1352,191,47,40874,28884,19487,16456,3031,9397,292,15541,8558,3235,3018,701,29,N/A,1383,3284,3140,1913,22869,9616,8262,2586,1082,945,378,2698,3451,1836,983,606,146,40195,9720,5298,4422,948,10668,5012,123,2582,2244,700,5.7,48,1171,5278,4171,N/A,1344,3635,3474,1311,904,11117,Manufacturing,Administration,Accommodation and Food Service,Retail Trade,Health Care,1708,1388,1223,1213,1066,4385,Wholesale Trade,Administration,Retail Trade,Accommodation and Food Service,Other Service,1196,1180,671,286,234,Outside of Chicago,The Loop,Near West Side,Near North Side,West Town,4824,1164,596,593,317,Outside of Chicago,Gage Park,Chicago Lawn,Ashburn,New City,1937,281,156,106,97,N/A,N/A,N/A,N/A,N/A,N/A,N/A,N/A,N/A,N/A,N/A,N/A,N/A,N/A,N/A,16901,N/A,N/A,N/A,N/A,N/A,N/A,N/A,N/A,N/A,0.898,1406.908,408.123,0.29009,155.780,0.11073,18.573,0.01320,63.748,0.04531,96.288,0.06844,135.345,0.09620,482.224,0.34275,N/A,N/A,25.599,0.01820,21.227,0.01509,1587,1284,1360,5489,7742,1703,1978,N/A,N/A,N/A,N/A,N/A,N/A,N/A,N/A,N/A,N/A,N/A,N/A,N/A,N/A,N/A,N/A,20504,17133,37637,4810,32827,14519,4810,32458,83,72,37,32,42,2,75,26,4811,31079,2743,161,399
Garfield Ridge,36101,34513,35470,9143,6423,7688,6896,2891,1632,797,38.9,16196,17229,1431,305,309,35218,28121,18017,16204,1813,10104,186,15542,11592,1378,2185,362,25,N/A,1074,4162,4826,1971,24296,4634,7342,5065,2009,3501,1745,2075,2699,2277,1408,2183,1366,63129,12008,9716,2317,600,12633,10307,174,733,637,732,6.0,403,2079,8919,1232,N/A,790,2659,6488,1926,770,15315,Education,Manufacturing,Retail Trade,Public Administration,Health Care,1731,1609,1533,1513,1451,12634,Transportation,Administration,Accommodation and Food Service,Retail Trade,Manufacturing,5443,1511,1170,1129,737,Outside of Chicago,The Loop,Near North Side,Near West Side,Garfield Ridge,6524,3402,798,701,582,Outside of Chicago,Garfield Ridge,Clearing,Austin,Ashburn,7487,582,281,173,164,N/A,N/A,N/A,N/A,N/A,N/A,N/A,N/A,N/A,N/A,N/A,N/A,N/A,N/A,N/A,17432,N/A,N/A,N/A,N/A,N/A,N/A,N/A,N/A,N/A,1.766,2706.400,1032.128,0.38137,95.910,0.03544,15.277,0.00564,100.911,0.03729,55.415,0.02048,114.237,0.04221,1206.513,0.44580,N/A,N/A,44.187,0.01633,41.822,0.01545,3035,3309,1973,3691,8601,1084,3407,N/A,N/A,N/A,N/A,N/A,N/A,N/A,N/A,N/A,N/A,N/A,N/A,N/A,N/A,N/A,N/A,25138,8159,33297,18024,15273,5793,18024,11721,2856,138,45,70,17,1,421,4,24878,5948,4419,328,528
Grand Boulevard,28006,21929,22056,6025,4319,4948,3559,1863,974,368,36.9,570,373,20503,89,521,21771,17138,10296,8252,2044,6842,334,7691,4233,494,2576,261,127,N/A,3974,4306,1220,343,14405,2177,3232,4050,1001,2028,1917,4525,1890,1343,796,754,535,29687,9843,2194,7848,2202,12244,1088,662,706,2948,6827,5.0,3250,2747,2419,3828,N/A,3546,3419,3803,1102,374,8011,Health Care,Education,Administration,Retail Trade,Accommodation and Food Service,1447,1030,819,712,688,4112,Education,Health Care,Management,Retail Trade,Accommodation and Food Service,1438,1062,512,278,244,Outside of Chicago,The Loop,Near North Side,Near West Side,Near South Side,2008,1979,735,588,184,Outside of Chicago,Grand Boulevard,South Shore,Roseland,Chatham,1423,154,149,128,106,N/A,N/A,N/A,N/A,N/A,N/A,N/A,N/A,N/A,N/A,N/A,N/A,N/A,N/A,N/A,9140,N/A,N/A,N/A,N/A,N/A,N/A,N/A,N/A,N/A,3.993,1113.235,62.347,0.05601,255.158,0.22920,7.312,0.00657,42.351,0.03804,112.645,0.10119,8.173,0.00734,378.135,0.33967,N/A,N/A,22.509,0.02022,224.605,0.20176,4819,2241,1287,1496,4639,1554,5204,N/A,N/A,N/A,N/A,N/A,N/A,N/A,N/A,N/A,N/A,N/A,N/A,N/A,N/A,N/A,N/A,19850,487,20337,19500,837,236,19500,433,10,5,19,0,8,0,180,182,173,236,27370,21,206
Greater Grand Crossing,38619,32602,32461,8759,7099,5931,6334,2221,1325,792,36.0,431,387,31301,5,337,31919,25501,14357,10929,3428,11144,463,9973,4983,721,3975,229,65,N/A,4702,5204,1782,451,20955,3208,6402,6363,1750,2221,1011,5606,3030,1758,966,525,254,27723,12139,4006,8133,3450,15589,4555,253,3952,2485,4333,5.6,346,1406,4873,8964,N/A,3066,5796,4497,1713,517,9334,Health Care,Administration,Education,Retail Trade,Accommodation and Food Service,1972,995,984,917,841,3321,Health Care,Education,Retail Trade,Accommodation and Food Service,Wholesale Trade,811,702,454,328,296,Outside of Chicago,The Loop,Near North Side,Near West Side,Near South Side,2997,1683,770,553,197,Outside of Chicago,Greater Grand Crossing,South Shore,Auburn Gresham,Chatham,1186,181,133,111,89,N/A,N/A,N/A,N/A,N/A,N/A,N/A,N/A,N/A,N/A,N/A,N/A,N/A,N/A,N/A,10175,N/A,N/A,N/A,N/A,N/A,N/A,N/A,N/A,N/A,1.349,2269.356,375.531,0.16548,327.666,0.14439,21.211,0.00935,81.700,0.03600,255.314,0.11250,41.081,0.01810,992.347,0.43728,N/A,N/A,34.785,0.01533,139.723,0.06157,4355,3440,2085,2259,7043,2452,5096,N/A,N/A,N/A,N/A,N/A,N/A,N/A,N/A,N/A,N/A,N/A,N/A,N/A,N/A,N/A,N/A,29659,530,30189,29237,952,417,29237,482,6,5,0,0,1,0,155,303,146,276,37779,26,392
Hegewisch,9781,9426,9182,2027,1791,1547,2499,600,563,155,42.4,4114,4604,447,0,17,9162,7558,4568,4277,291,2990,3,4274,3054,420,708,91,0,N/A,434,1415,1379,356,6716,1004,2394,1673,473,750,422,930,661,563,558,539,331,58333,3583,2673,909,312,3895,2787,17,642,129,139,5.9,207,696,1764,1229,N/A,341,1085,1873,437,159,3666,Education,Health Care,Manufacturing,Retail Trade,Public Administration,437,390,375,375,361,2451,Manufacturing,Wholesale Trade,Retail Trade,Accommodation and Food Service,Finance,1091,547,273,118,89,Outside of Chicago,The Loop,Near North Side,Near West Side,Hegewisch,1625,790,185,124,113,Outside of Chicago,East Side,Hegewisch,South Deering,South Chicago,1622,182,113,41,36,N/A,N/A,N/A,N/A,N/A,N/A,N/A,N/A,N/A,N/A,N/A,N/A,N/A,N/A,N/A,15989,N/A,N/A,N/A,N/A,N/A,N/A,N/A,N/A,N/A,2.964,3350.913,374.469,0.11175,34.065,0.01017,6.813,0.00203,48.015,0.01433,17.417,0.00520,301.356,0.08993,1562.028,0.46615,N/A,N/A,579.795,0.17303,426.954,0.12741,1095,1295,347,847,2278,204,1305,N/A,N/A,N/A,N/A,N/A,N/A,N/A,N/A,N/A,N/A,N/A,N/A,N/A,N/A,N/A,N/A,7579,1218,8797,5693,3105,959,5693,2697,194,12,0,78,0,0,123,0,6553,2820,130,32,246
Hermosa,26908,25010,24450,7207,6019,4912,4045,1322,686,259,32.3,1900,21321,502,384,343,24439,18588,12812,11721,1091,5776,304,11258,7017,1303,2165,557,216,N/A,1247,2746,2008,981,15061,6185,3712,2520,809,1222,613,2046,2161,1033,836,625,281,39289,6982,2959,4023,792,7774,2327,102,2396,1973,968,5.8,83,624,1824,5243,N/A,1061,3109,2493,741,370,7790,Manufacturing,Health Care,Retail Trade,Accommodation and Food Service,Administration,1043,925,883,832,756,3288,Manufacturing,Health Care,Retail Trade,Wholesale Trade,Other Service,2230,190,161,117,111,Outside of Chicago,The Loop,Near North Side,Near West Side,West Town,3243,878,501,328,271,Outside of Chicago,Belmont Cragin,Hermosa,Humboldt Park,Logan Square,1484,216,173,111,107,N/A,N/A,N/A,N/A,N/A,N/A,N/A,N/A,N/A,N/A,N/A,N/A,N/A,N/A,N/A,13257,N/A,N/A,N/A,N/A,N/A,N/A,N/A,N/A,N/A,0.705,748.440,166.986,0.22311,146.330,0.19551,14.409,0.01925,26.352,0.03521,19.073,0.02548,111.649,0.14918,245.551,0.32808,N/A,N/A,15.527,0.02075,2.563,0.00342,1381,1588,1111,2902,5208,903,1774,N/A,N/A,N/A,N/A,N/A,N/A,N/A,N/A,N/A,N/A,N/A,N/A,N/A,N/A,N/A,N/A,13864,8557,22421,3677,18744,8632,3677,17949,408,0,130,0,31,80,146,0,3086,22574,649,319,280
Humboldt Park,65836,56323,56248,18686,14091,10569,8283,2875,1389,355,29.8,3258,30847,20912,305,926,55870,40938,24990,21325,3665,15948,452,20525,11123,2495,5202,1084,621,N/A,4421,7189,3761,1166,32584,9743,10490,6241,1570,3298,1242,6226,4513,2464,1778,1038,518,34807,16537,6050,10487,2981,19518,4041,262,6639,5355,3204,5.7,857,1517,3712,13432,N/A,2670,7939,6448,1706,755,17329,Health Care,Retail Trade,Administration,Accommodation and Food Service,Manufacturing,2597,2150,1974,1864,1733,9804,Manufacturing,Retail Trade,Administration,Health Care,Wholesale Trade,1730,1192,1166,1059,831,Outside of Chicago,The Loop,Near North Side,Near West Side,West Town,6936,2048,1254,957,888,Outside of Chicago,Humboldt Park,Austin,West Town,Logan Square,3993,432,345,344,332,N/A,N/A,N/A,N/A,N/A,N/A,N/A,N/A,N/A,N/A,N/A,N/A,N/A,N/A,N/A,10502,N/A,N/A,N/A,N/A,N/A,N/A,N/A,N/A,N/A,1.893,2306.724,281.876,0.12220,425.753,0.18457,38.524,0.01670,136.180,0.05904,103.158,0.04472,322.090,0.13963,826.453,0.35828,N/A,N/A,18.493,0.00802,154.195,0.06685,3892,3796,2692,6157,11661,3431,4876,N/A,N/A,N/A,N/A,N/A,N/A,N/A,N/A,N/A,N/A,N/A,N/A,N/A,N/A,N/A,N/A,41374,9980,51354,25928,25426,10609,25928,24694,207,15,152,33,25,89,167,44,2184,31607,31207,239,599
Hyde Park,29920,25681,26573,5514,9378,4159,4004,2031,1072,415,31.3,12539,2101,7621,3249,1063,23801,23529,14079,13134,939,9450,869,11834,3297,509,3452,4396,180,N/A,4616,6076,1629,208,17011,583,1209,2036,523,4563,8097,3756,2358,2312,1161,1283,1659,51483,12529,4479,8050,1675,14204,829,1009,206,1100,11019,4.6,226,2406,3415,8157,N/A,6360,3446,2557,1359,482,11144,Education,Health Care,Accommodation and Food Service,Professional,Retail Trade,3672,1176,855,833,756,17728,Education,Accommodation and Food Service,Health Care,Retail Trade,Real Estate,12971,1291,1263,795,481,Outside of Chicago,Hyde Park,The Loop,Near North Side,Near West Side,3063,3010,1955,724,503,Outside of Chicago,Hyde Park,Kenwood,Lake View,West Town,5670,3010,776,587,449,N/A,N/A,N/A,N/A,N/A,N/A,N/A,N/A,N/A,N/A,N/A,N/A,N/A,N/A,N/A,8085,N/A,N/A,N/A,N/A,N/A,N/A,N/A,N/A,N/A,15.589,1032.262,98.593,0.09551,177.607,0.17206,6.437,0.00624,39.949,0.03870,174.924,0.16946,N/A,N/A,251.501,0.24364,N/A,N/A,278.702,0.26999,4.549,0.00441,6567,3369,1430,1163,4538,695,7991,N/A,N/A,N/A,N/A,N/A,N/A,N/A,N/A,N/A,N/A,N/A,N/A,N/A,N/A,N/A,N/A,20419,5034,25453,19142,6311,1464,19142,1768,290,1539,125,180,207,539,1207,456,13020,1230,11290,3366,1014
Irving Park,58643,53359,55417,12837,14896,13205,9387,2990,1592,510,34.9,22975,24733,1543,4579,1587,54998,44603,31521,29592,1905,13082,1752,27393,15373,2676,7670,1331,343,N/A,3165,9961,5829,1473,38803,6439,8484,6888,2446,9833,4713,3592,5476,3732,2619,2689,2320,55953,20428,9273,11155,2019,22447,5997,674,4843,3968,6874,5.6,1371,1747,3761,15568,N/A,4789,9253,5454,2062,889,21904,Health Care,Accommodation and Food Service,Retail Trade,Professional,Education,2829,2183,2144,2034,1830,9769,Health Care,Wholesale Trade,Manufacturing,Retail Trade,Accommodation and Food Service,1553,1404,987,923,817,Outside of Chicago,The Loop,Near North Side,Near West Side,Irving Park,8085,3915,1921,1160,611,Outside of Chicago,Irving Park,Belmont Cragin,Portage Park,Albany Park,4130,611,384,331,281,N/A,N/A,N/A,N/A,N/A,N/A,N/A,N/A,N/A,N/A,N/A,N/A,N/A,N/A,N/A,15815,N/A,N/A,N/A,N/A,N/A,N/A,N/A,N/A,N/A,1.180,2057.194,512.791,0.24927,403.748,0.19626,47.232,0.02296,104.200,0.05065,71.118,0.03457,68.496,0.03330,743.306,0.36132,N/A,N/A,94.626,0.04600,11.678,0.00568,5935,6178,3534,4781,12512,1588,7916,N/A,N/A,N/A,N/A,N/A,N/A,N/A,N/A,N/A,N/A,N/A,N/A,N/A,N/A,N/A,N/A,34119,17149,51268,24519,26749,11849,24519,19044,1939,285,1836,780,74,708,1641,442,25912,25401,1121,4362,1847
Jefferson Park,25859,25448,26755,5724,5405,5792,5734,2246,1317,537,39.9,17155,6125,274,2597,604,26722,21969,15077,13958,1119,6892,428,13223,9106,1362,2458,240,57,N/A,1262,4251,3475,1278,19585,2476,5109,3779,1511,4432,2278,1991,1954,1738,1404,1897,1282,66013,10266,6368,3898,779,11045,5271,124,2411,1588,1646,5.7,426,1201,4919,4499,N/A,1651,4010,3722,1265,397,12107,Health Care,Retail Trade,Education,Manufacturing,Accommodation and Food Service,1536,1272,1174,1031,926,4832,Manufacturing,Accommodation and Food Service,Administration,Wholesale Trade,Construction,790,633,515,403,381,Outside of Chicago,The Loop,Near North Side,Near West Side,O'Hare,5895,2105,645,412,306,Outside of Chicago,Jefferson Park,Portage Park,Belmont Cragin,Norwood Park,2515,272,179,133,123,N/A,N/A,N/A,N/A,N/A,N/A,N/A,N/A,N/A,N/A,N/A,N/A,N/A,N/A,N/A,14974,N/A,N/A,N/A,N/A,N/A,N/A,N/A,N/A,N/A,0.850,1489.168,501.385,0.33669,176.249,0.11835,10.285,0.00691,57.910,0.03889,26.288,0.01765,50.525,0.03393,525.503,0.35288,N/A,N/A,133.521,0.08966,7.503,0.00504,3293,2988,1539,2446,6389,386,3877,N/A,N/A,N/A,N/A,N/A,N/A,N/A,N/A,N/A,N/A,N/A,N/A,N/A,N/A,N/A,N/A,17250,7729,24979,13956,11023,4859,13956,4210,3354,351,476,344,134,908,1099,147,21101,2881,81,1237,559
Kenwood,18363,17841,17074,3219,4818,3085,3132,1481,963,376,37.1,2925,503,11690,1440,516,16851,14427,9125,7945,1180,5302,566,7117,3547,239,2631,550,150,N/A,3307,4277,1258,275,12355,992,1491,2199,838,2942,3893,3218,1867,1135,838,1070,989,41414,9117,2807,6310,1315,10432,724,713,160,680,8132,4.5,848,3455,2896,3233,N/A,4402,3099,1903,742,286,7058,Education,Health Care,Administration,Accommodation and Food Service,Retail Trade,1475,1050,591,548,531,1081,Retail Trade,Real Estate,Education,Other Service,Accommodation and Food Service,220,199,168,143,122,Outside of Chicago,The Loop,Hyde Park,Near North Side,Near West Side,1781,1726,776,634,415,Outside of Chicago,Kenwood,South Shore,Hyde Park,Grand Boulevard,340,69,45,38,33,N/A,N/A,N/A,N/A,N/A,N/A,N/A,N/A,N/A,N/A,N/A,N/A,N/A,N/A,N/A,9199,N/A,N/A,N/A,N/A,N/A,N/A,N/A,N/A,N/A,6.806,666.520,133.684,0.20057,128.126,0.19223,0.460,0.00069,26.042,0.03907,54.092,0.08116,0.608,0.00091,179.333,0.26906,N/A,N/A,123.731,0.18564,20.445,0.03067,4975,2427,1057,658,3404,890,5713,N/A,N/A,N/A,N/A,N/A,N/A,N/A,N/A,N/A,N/A,N/A,N/A,N/A,N/A,N/A,N/A,14069,2059,16128,13955,2173,669,13955,351,79,770,90,40,135,172,266,270,2915,301,13900,785,462
Lake View,94817,94368,99876,11520,50442,19260,10933,4298,2459,964,30.9,78859,8099,3320,6735,2863,99471,89426,74417,71976,2399,15009,4732,66227,21512,2714,35690,5095,1216,N/A,18797,24212,8184,1401,76027,1542,4554,7238,2471,35819,24403,7383,8067,8896,6724,9746,11778,82254,52594,19083,33511,4958,57552,3905,1588,3380,8651,39964,4.5,5327,12028,16016,24181,N/A,26113,18883,8784,2664,1108,58002,Professional,Finance,Health Care,Education,Accommodation and Food Service,11808,6757,5688,5196,5009,22764,Health Care,Accommodation and Food Service,Retail Trade,Other Service,Professional,5687,5432,3380,1604,1461,The Loop,Outside of Chicago,Near North Side,Near West Side,Lake View,17876,14280,8747,4418,2589,Outside of Chicago,Lake View,Uptown,Edgewater,West Town,7597,2589,946,745,680,N/A,N/A,N/A,N/A,N/A,N/A,N/A,N/A,N/A,N/A,N/A,N/A,N/A,N/A,N/A,8027,N/A,N/A,N/A,N/A,N/A,N/A,N/A,N/A,N/A,2.692,1994.179,220.710,0.11068,632.357,0.31710,92.330,0.04630,124.110,0.06224,96.367,0.04832,16.474,0.00826,623.441,0.31263,N/A,N/A,178.076,0.08930,10.314,0.00517,25582,17600,5313,4099,15594,869,37000,N/A,N/A,N/A,N/A,N/A,N/A,N/A,N/A,N/A,N/A,N/A,N/A,N/A,N/A,N/A,N/A,82162,12453,94615,79899,14716,3734,79899,5107,1565,852,605,409,297,1326,3799,756,75363,8268,4193,5143,1850
Lincoln Park,64320,64116,67260,11996,29962,11482,8001,3584,1700,535,30.1,53151,4675,3134,4243,2057,63489,58341,45639,44037,1602,12702,2893,40575,14862,1833,18786,3932,1162,N/A,9858,15636,6059,855,46982,1205,2571,3321,1000,22458,16427,4914,3786,4631,3518,5727,9832,95416,32408,13680,18728,3030,35438,3236,3195,1668,4876,22409,4.5,3040,11662,6077,14659,N/A,15447,10574,5806,2372,1239,33819,Professional,Finance,Health Care,Education,Accommodation and Food Service,7305,4255,3119,2973,2347,28572,Health Care,Retail Trade,Accommodation and Food Service,Transportation,Other Service,7947,5685,4146,2169,1895,The Loop,Outside of Chicago,Near North Side,Near West Side,Lincoln Park,11097,8899,4779,2752,1558,Outside of Chicago,Lake View,Lincoln Park,West Town,Logan Square,11136,1746,1558,1005,889,N/A,N/A,N/A,N/A,N/A,N/A,N/A,N/A,N/A,N/A,N/A,N/A,N/A,N/A,N/A,8725,N/A,N/A,N/A,N/A,N/A,N/A,N/A,N/A,N/A,4.426,2024.464,307.458,0.15187,372.189,0.18385,63.644,0.03144,249.678,0.12333,105.189,0.05196,47.349,0.02339,532.910,0.26324,N/A,N/A,318.296,0.15722,27.751,0.01371,15378,10391,3675,2964,11084,844,21324,N/A,N/A,N/A,N/A,N/A,N/A,N/A,N/A,N/A,N/A,N/A,N/A,N/A,N/A,N/A,N/A,56046,7277,63323,54755,8568,2131,54755,2680,1246,578,236,230,329,433,2635,201,54341,3254,3323,2325,1077
Lincoln Square,44574,39493,41483,7306,13696,10180,6588,2228,976,509,34.7,26554,7284,1394,4608,1643,40820,35160,26812,25161,1651,8348,1508,23161,10932,1514,8799,1675,241,N/A,3828,9473,4360,771,31977,2819,3687,4524,1527,11589,7831,3263,3987,3043,2512,2745,2882,66393,18432,7164,11268,1217,19649,2966,419,2980,3526,9747,5.2,1554,2100,5858,10137,N/A,6478,6904,4603,1119,545,20174,Health Care,Professional,Education,Accommodation and Food Service,Finance,2721,2691,2150,1963,1627,7029,Health Care,Accommodation and Food Service,Retail Trade,Manufacturing,Administration,2020,1005,627,549,471,Outside of Chicago,The Loop,Near North Side,Near West Side,Lake View,6423,4428,2349,1132,623,Outside of Chicago,Lincoln Square,West Ridge,Albany Park,Edgewater,2687,620,257,233,207,N/A,N/A,N/A,N/A,N/A,N/A,N/A,N/A,N/A,N/A,N/A,N/A,N/A,N/A,N/A,10678,N/A,N/A,N/A,N/A,N/A,N/A,N/A,N/A,N/A,1.927,1638.024,224.261,0.13691,346.592,0.21159,34.934,0.02133,54.438,0.03323,382.881,0.23375,41.366,0.02525,456.352,0.27860,N/A,N/A,82.667,0.05047,14.533,0.00887,6941,6047,2969,2475,9002,750,9430,N/A,N/A,N/A,N/A,N/A,N/A,N/A,N/A,N/A,N/A,N/A,N/A,N/A,N/A,N/A,N/A,28376,9978,38354,24565,13789,5140,24565,5483,1444,290,1339,637,322,1444,1937,893,23716,11831,1342,5921,1764
Logan Square,82715,72791,73757,16169,27247,16959,8527,2903,1500,452,31.7,32717,33784,3542,2143,1571,73293,60283,45324,43008,2302,14959,2510,39846,19633,2384,13803,3466,560,N/A,6429,13723,7458,1322,51966,6607,10194,6897,2631,16396,9241,5890,5845,4920,3541,4479,4282,63597,28957,10700,18257,3300,32257,4782,947,6827,8513,11127,5.5,3061,3050,3606,22540,N/A,7554,13142,8612,2123,826,35266,Professional,Health Care,Accommodation and Food Service,Education,Retail Trade,4332,3736,3555,3208,3100,16508,Retail Trade,Accommodation and Food Service,Health Care,Administration,Manufacturing,3219,2220,1849,1440,1411,Outside of Chicago,The Loop,Near North Side,Near West Side,West Town,11262,7217,3573,2493,1530,Outside of Chicago,Logan Square,West Town,Lake View,Belmont Cragin,6151,1476,711,619,543,N/A,N/A,N/A,N/A,N/A,N/A,N/A,N/A,N/A,N/A,N/A,N/A,N/A,N/A,N/A,10946,N/A,N/A,N/A,N/A,N/A,N/A,N/A,N/A,N/A,0.972,2297.006,278.059,0.12105,621.250,0.27046,76.529,0.03332,188.192,0.08193,70.777,0.03081,125.225,0.05452,859.481,0.37417,N/A,N/A,41.436,0.01804,36.058,0.01570,8820,10593,4145,5399,14362,2477,14595,N/A,N/A,N/A,N/A,N/A,N/A,N/A,N/A,N/A,N/A,N/A,N/A,N/A,N/A,N/A,N/A,55212,13195,68407,43025,25382,12132,43025,22457,961,126,257,64,158,171,981,207,21742,53833,4290,1087,1763
Lower West Side,44031,35769,32998,8694,10454,6653,4323,1811,772,291,31.0,4955,25699,1258,718,368,32872,25816,17799,16138,1661,8017,375,15427,6924,1573,4907,1747,276,N/A,3516,5120,2481,719,21492,7056,4673,2958,1041,3881,1883,3784,3425,2179,1146,849,453,39020,11836,3133,8703,1770,13606,1591,249,3434,4348,3978,4.8,866,1166,1426,10148,N/A,2746,6709,3189,640,322,11844,Accommodation and Food Service,Retail Trade,Administration,Manufacturing,Health Care,1382,1256,1251,1243,1196,12609,Wholesale Trade,Manufacturing,Administration,Health Care,Transportation,2293,1751,1713,1133,1063,Outside of Chicago,The Loop,Near North Side,Near West Side,Lower West Side,3833,2094,1010,957,679,Outside of Chicago,Lower West Side,South Lawndale,Brighton Park,Bridgeport,5538,679,387,292,266,N/A,N/A,N/A,N/A,N/A,N/A,N/A,N/A,N/A,N/A,N/A,N/A,N/A,N/A,N/A,10396,N/A,N/A,N/A,N/A,N/A,N/A,N/A,N/A,N/A,1.215,1872.147,63.068,0.03369,226.170,0.12081,51.689,0.02761,72.460,0.03870,98.844,0.05280,490.419,0.26196,759.378,0.40562,N/A,N/A,37.884,0.02024,72.234,0.03858,3471,3499,1845,3021,6732,1501,5104,N/A,N/A,N/A,N/A,N/A,N/A,N/A,N/A,N/A,N/A,N/A,N/A,N/A,N/A,N/A,N/A,19459,11514,30973,8847,22126,9345,8847,21063,174,104,73,167,56,141,297,51,3587,39144,774,121,405
McKinley Park,15962,15612,16064,4424,4031,3312,2673,1084,407,133,33.4,2660,10095,145,2918,246,16022,12311,8088,7079,1009,4223,173,6737,3645,961,1748,348,35,N/A,800,2474,1377,507,10402,3070,2934,1701,662,1398,637,1384,1616,980,452,475,251,43496,5158,2851,2307,433,5591,1767,265,2011,923,610,5.6,381,411,1106,3693,N/A,485,2117,2233,483,273,5549,Accommodation and Food Service,Manufacturing,Health Care,Administration,Retail Trade,713,605,603,555,517,4915,Administration,Wholesale Trade,Retail Trade,Manufacturing,Transportation,1486,824,723,482,345,Outside of Chicago,The Loop,Near West Side,Near North Side,Armour Square,1669,1001,414,387,237,Outside of Chicago,McKinley Park,Brighton Park,Bridgeport,Gage Park,2488,173,153,137,97,N/A,N/A,N/A,N/A,N/A,N/A,N/A,N/A,N/A,N/A,N/A,N/A,N/A,N/A,N/A,13225,N/A,N/A,N/A,N/A,N/A,N/A,N/A,N/A,N/A,2.587,905.230,120.045,0.13261,107.687,0.11896,11.821,0.01306,61.321,0.06774,24.730,0.02732,162.790,0.17983,301.551,0.33312,N/A,N/A,73.648,0.08136,41.636,0.04600,1180,1278,1012,1688,3645,584,1513,N/A,N/A,N/A,N/A,N/A,N/A,N/A,N/A,N/A,N/A,N/A,N/A,N/A,N/A,N/A,N/A,9209,5720,14929,4224,10705,4495,4224,7889,159,2461,12,3,38,42,95,6,4607,9819,116,1212,208
Montclare,12646,13426,13040,3130,3075,2712,2475,714,723,212,36.6,4052,7608,584,522,275,12983,10561,6463,5993,471,4098,138,5662,4201,398,803,120,139,N/A,563,1720,1580,603,8813,1838,2713,1990,670,1102,501,882,1406,614,676,639,249,48626,4465,2762,1702,575,5040,2727,142,737,552,882,5.6,472,713,2200,1653,N/A,748,2005,1437,579,270,5178,Health Care,Manufacturing,Retail Trade,Accommodation and Food Service,Administration,667,636,535,494,439,2272,Retail Trade,Health Care,Manufacturing,Accommodation and Food Service,Other Service,686,517,439,199,85,Outside of Chicago,The Loop,Near North Side,Near West Side,O'Hare,2533,718,256,224,133,Outside of Chicago,Montclare,Belmont Cragin,Portage Park,Austin,1313,110,103,76,75,N/A,N/A,N/A,N/A,N/A,N/A,N/A,N/A,N/A,N/A,N/A,N/A,N/A,N/A,N/A,13473,N/A,N/A,N/A,N/A,N/A,N/A,N/A,N/A,N/A,1.274,633.067,249.146,0.39355,66.422,0.10492,5.828,0.00921,55.159,0.08713,28.527,0.04506,19.826,0.03132,193.169,0.30513,N/A,N/A,10.455,0.01652,4.534,0.00716,1158,1163,694,1450,3031,431,1434,N/A,N/A,N/A,N/A,N/A,N/A,N/A,N/A,N/A,N/A,N/A,N/A,N/A,N/A,N/A,N/A,8163,3925,12088,4036,8052,2899,4036,5960,1316,17,147,31,48,132,393,8,6892,4865,264,337,288
Morgan Park,25226,22544,23035,6041,3628,3954,5247,1988,1290,888,42.6,6325,807,15253,45,604,22688,18384,10554,9382,1173,7830,388,8756,6483,473,1511,221,68,N/A,1056,3465,2712,845,15552,1427,3384,3851,1611,2634,2645,1885,1597,1241,1052,1361,943,59522,8078,5866,2212,923,9002,6388,396,277,593,1289,6.6,494,1376,4603,2530,N/A,746,2088,3705,1872,591,9419,Education,Health Care,Public Administration,Retail Trade,Administration,1556,1394,1105,770,711,2993,Health Care,Retail Trade,Accommodation and Food Service,Professional,Education,939,756,259,221,220,Outside of Chicago,The Loop,Near North Side,Near West Side,Morgan Park,3741,2502,453,424,200,Outside of Chicago,Morgan Park,Beverly,Mount Greenwood,Washington Heights,1607,200,121,91,63,N/A,N/A,N/A,N/A,N/A,N/A,N/A,N/A,N/A,N/A,N/A,N/A,N/A,N/A,N/A,16625,N/A,N/A,N/A,N/A,N/A,N/A,N/A,N/A,N/A,3.583,2109.214,907.743,0.43037,70.636,0.03349,6.631,0.00314,106.751,0.05061,183.090,0.08680,63.017,0.02988,645.875,0.30622,N/A,N/A,68.495,0.03247,56.975,0.02701,2517,2021,1502,2039,5209,833,2869,N/A,N/A,N/A,N/A,N/A,N/A,N/A,N/A,N/A,N/A,N/A,N/A,N/A,N/A,N/A,N/A,21083,699,21782,20784,999,273,20784,482,95,26,7,16,4,12,299,57,7510,533,16816,83,284
Mount Greenwood,18820,19093,19029,5407,3566,4108,3864,1103,650,331,37.0,15730,2090,589,368,252,18281,14799,9784,9333,433,5015,163,8988,7715,459,593,195,26,N/A,241,2020,3210,1102,12328,514,3082,3350,968,2896,1518,633,869,1034,1141,1826,1070,91444,6573,5705,868,477,7050,6177,27,40,134,657,6.3,209,1079,5162,600,N/A,408,1734,3589,882,437,9969,Public Administration,Education,Health Care,Retail Trade,Accommodation and Food Service,1960,1862,1092,738,638,2804,Education,Retail Trade,Health Care,Administration,Accommodation and Food Service,1028,472,406,236,220,Outside of Chicago,The Loop,Near North Side,Near West Side,Mount Greenwood,4386,3402,323,248,194,Outside of Chicago,Mount Greenwood,Beverly,Morgan Park,Chicago Lawn,1801,194,90,73,35,N/A,N/A,N/A,N/A,N/A,N/A,N/A,N/A,N/A,N/A,N/A,N/A,N/A,N/A,N/A,20779,N/A,N/A,N/A,N/A,N/A,N/A,N/A,N/A,N/A,2.569,1735.177,747.927,0.43104,19.691,0.01135,7.920,0.00456,36.744,0.02118,524.149,0.30207,0.182,0.00010,365.266,0.21051,N/A,N/A,30.375,0.01751,2.922,0.00168,1693,2006,990,1884,4687,379,1886,N/A,N/A,N/A,N/A,N/A,N/A,N/A,N/A,N/A,N/A,N/A,N/A,N/A,N/A,N/A,N/A,16753,764,17517,16185,1332,297,16185,687,63,44,148,42,42,38,268,0,17127,723,672,61,237
Near North Side,72811,80484,86343,7512,35736,15539,14245,8244,3812,1255,34.9,62243,4627,7376,9906,2191,84334,80285,59521,56550,2971,20764,4686,50978,14787,1462,13765,18063,2901,N/A,22549,26284,5031,733,72447,1757,3854,7536,2222,29795,27283,9621,5836,8272,6537,8760,15571,88651,54597,22311,32286,9377,63974,1592,1877,473,1595,58414,3.7,16804,24719,13683,8768,N/A,36406,18627,7472,1152,317,46703,Professional,Finance,Health Care,Education,Accommodation and Food Service,10014,6075,4789,3976,3100,161464,Accommodation and Food Service,Professional,Retail Trade,Health Care,Information,28312,25300,17596,14138,12945,The Loop,Outside of Chicago,Near North Side,Near West Side,Lincoln Park,15170,12676,8774,3540,785,Outside of Chicago,Near North Side,Lake View,West Town,Lincoln Park,67660,8774,8747,5546,4779,N/A,N/A,N/A,N/A,N/A,N/A,N/A,N/A,N/A,N/A,N/A,N/A,N/A,N/A,N/A,6581,N/A,N/A,N/A,N/A,N/A,N/A,N/A,N/A,N/A,2.311,1754.480,86.015,0.04903,294.446,0.16783,22.617,0.01289,296.509,0.16900,121.116,0.06903,82.697,0.04713,715.454,0.40779,0.981,0.00056,74.516,0.04247,60.128,0.03427,33147,17491,2355,1604,15722,1085,38875,N/A,N/A,N/A,N/A,N/A,N/A,N/A,N/A,N/A,N/A,N/A,N/A,N/A,N/A,N/A,N/A,68860,14205,83065,66404,16661,3924,66404,3742,1866,1974,456,704,522,1279,5330,788,50397,2805,13884,4434,1291
Near South Side,9509,21390,23190,3581,7927,6127,3536,1305,571,143,35.2,10433,1243,5488,5375,651,23014,19866,16397,15787,599,3469,997,14215,6455,1149,3919,1891,801,N/A,2530,8745,1681,150,18401,612,1110,2516,654,6142,7367,2230,1693,1954,1319,2600,3310,87813,13106,6714,6392,1458,14564,301,1573,58,306,12309,3.8,9542,2500,905,1617,N/A,5376,7059,1742,379,8,11501,Professional,Health Care,Education,Finance,Accommodation and Food Service,1852,1478,1419,1284,704,14777,Arts and Entertainment,Health Care,Accommodation and Food Service,Administration,Construction,3701,3475,2200,1939,810,The Loop,Outside of Chicago,Near North Side,Near West Side,Hyde Park,3576,3254,1230,1014,337,Outside of Chicago,Near South Side,Lake View,Austin,Auburn Gresham,4876,323,312,274,267,N/A,N/A,N/A,N/A,N/A,N/A,N/A,N/A,N/A,N/A,N/A,N/A,N/A,N/A,N/A,10237,N/A,N/A,N/A,N/A,N/A,N/A,N/A,N/A,N/A,15.320,1140.883,57.522,0.05042,96.603,0.08467,8.569,0.00751,320.780,0.28117,48.587,0.04259,21.744,0.01906,335.436,0.29401,N/A,N/A,167.990,0.14725,83.653,0.07332,7025,4020,1252,809,4978,554,8128,N/A,N/A,N/A,N/A,N/A,N/A,N/A,N/A,N/A,N/A,N/A,N/A,N/A,N/A,N/A,N/A,16947,4806,21753,15788,5965,1136,15788,804,318,1330,490,84,94,555,2196,94,2393,377,6052,516,171
Near West Side,46419,54881,62560,11969,26823,12502,6978,2744,1255,289,30.7,26071,6105,18559,10267,1558,57414,54272,38477,34925,3512,15795,2020,32395,12104,1445,8709,9428,709,N/A,8940,14267,4264,637,42174,3511,4597,4659,1482,14689,13236,7331,2893,3739,3092,4542,6511,75736,28108,9983,18125,2718,30826,1075,2701,1524,3166,22323,4.0,11844,8217,3012,7753,N/A,13390,11012,4789,1357,278,27817,Professional,Health Care,Finance,Education,Administration,4638,3550,3056,2677,2047,122367,Health Care,Finance,Professional,Administration,Accommodation and Food Service,24200,19503,15906,13018,8907,Outside of Chicago,The Loop,Near West Side,Near North Side,West Town,8484,7861,3695,2698,545,Outside of Chicago,Lake View,West Town,Near West Side,Near North Side,58726,4418,3819,3695,3540,N/A,N/A,N/A,N/A,N/A,N/A,N/A,N/A,N/A,N/A,N/A,N/A,N/A,N/A,N/A,10068,N/A,N/A,N/A,N/A,N/A,N/A,N/A,N/A,N/A,1.484,3638.486,146.504,0.04027,351.163,0.09651,47.575,0.01308,392.942,0.10800,567.487,0.15597,300.506,0.08259,1571.425,0.43189,N/A,N/A,55.649,0.01529,205.234,0.05641,12852,9315,3176,2765,10506,1705,17602,N/A,N/A,N/A,N/A,N/A,N/A,N/A,N/A,N/A,N/A,N/A,N/A,N/A,N/A,N/A,N/A,48391,10646,59037,44889,14148,4116,44889,3651,806,2983,313,266,786,1114,3838,391,11731,4415,24546,4861,866
New City,51721,44377,41098,13725,9613,7856,6351,2197,1065,290,30.2,4970,25261,9490,977,400,40724,30209,18715,14798,3917,11494,242,14298,7719,2584,3062,887,46,N/A,3148,5269,2468,1071,23791,7476,10661,3235,768,1167,484,4799,3730,1772,884,568,200,30623,11953,4484,7464,3524,15473,3598,283,6090,4058,1403,5.4,802,1812,4410,8449,N/A,1899,6103,5461,1341,668,12133,Manufacturing,Health Care,Retail Trade,Accommodation and Food Service,Administration,1425,1416,1369,1337,1302,11288,Manufacturing,Wholesale Trade,Retail Trade,Transportation,Other Service,4438,1322,1251,978,839,Outside of Chicago,The Loop,New City,Near North Side,Near West Side,4763,1613,676,667,658,Outside of Chicago,New City,Brighton Park,Bridgeport,Gage Park,4938,676,404,271,264,N/A,N/A,N/A,N/A,N/A,N/A,N/A,N/A,N/A,N/A,N/A,N/A,N/A,N/A,N/A,11730,N/A,N/A,N/A,N/A,N/A,N/A,N/A,N/A,N/A,1.722,3090.839,244.780,0.07920,330.238,0.10684,31.041,0.01004,162.766,0.05266,87.993,0.02847,702.639,0.22733,1141.026,0.36916,N/A,N/A,83.303,0.02695,307.052,0.09934,2820,2502,2109,4522,8387,2222,3565,N/A,N/A,N/A,N/A,N/A,N/A,N/A,N/A,N/A,N/A,N/A,N/A,N/A,N/A,N/A,N/A,25260,12381,37641,16043,21598,10589,16043,20487,137,721,71,50,7,36,79,10,6789,25948,18252,146,586
North Center,31895,31867,34942,8266,10302,9454,4024,1602,808,486,33.8,26996,4378,713,1563,1292,34862,27315,21888,20953,922,5427,1913,18835,9294,1032,6794,1547,168,N/A,1867,7373,4715,594,25284,1548,2478,2807,925,10509,7017,1416,1870,2185,1986,2677,4415,97703,14549,7476,7073,1651,16200,4004,560,3802,3555,4279,5.7,2888,1699,1720,9893,N/A,2825,6772,4036,1632,935,17264,Professional,Health Care,Education,Finance,Accommodation and Food Service,2822,1916,1681,1654,1468,9818,Finance,Accommodation and Food Service,Manufacturing,Information,Retail Trade,2142,981,933,923,856,Outside of Chicago,The Loop,Near North Side,Near West Side,Lake View,4993,4621,1979,1103,570,Outside of Chicago,North Center,Lake View,Irving Park,Lincoln Square,3858,553,473,310,303,N/A,N/A,N/A,N/A,N/A,N/A,N/A,N/A,N/A,N/A,N/A,N/A,N/A,N/A,N/A,11868,N/A,N/A,N/A,N/A,N/A,N/A,N/A,N/A,N/A,1.351,1309.783,238.678,0.18223,303.333,0.23159,46.827,0.03575,73.454,0.05608,76.234,0.05820,87.000,0.06642,437.140,0.33375,N/A,N/A,38.672,0.02953,8.444,0.00645,4491,4892,2466,2700,7952,548,6597,N/A,N/A,N/A,N/A,N/A,N/A,N/A,N/A,N/A,N/A,N/A,N/A,N/A,N/A,N/A,N/A,28105,3676,31781,26776,5005,1322,26776,2723,364,117,297,105,33,201,1052,113,21938,6496,1333,1324,804
North Lawndale,41768,35912,35423,11606,8491,5864,5906,1951,1055,550,29.6,796,2897,31112,83,535,34467,25867,13015,10193,2822,12852,458,9494,4656,965,3236,433,204,N/A,4999,4243,1497,415,20497,5471,6533,5239,1123,1484,647,5775,2558,1472,727,470,152,24003,11154,2843,8311,3474,14628,1747,390,4003,4962,3513,5.6,1695,1184,1487,10262,N/A,1664,5030,6075,1523,336,10837,Health Care,Administration,Retail Trade,Accommodation and Food Service,Education,2167,1388,1245,1030,851,7935,Health Care,Manufacturing,Retail Trade,Education,Accommodation and Food Service,3240,1488,817,653,430,Outside of Chicago,The Loop,Near West Side,Near North Side,North Lawndale,4203,1495,692,672,372,Outside of Chicago,North Lawndale,Austin,South Lawndale,West Town,3200,372,315,287,178,N/A,N/A,N/A,N/A,N/A,N/A,N/A,N/A,N/A,N/A,N/A,N/A,N/A,N/A,N/A,8495,N/A,N/A,N/A,N/A,N/A,N/A,N/A,N/A,N/A,2.114,2054.349,112.579,0.05480,353.545,0.17210,20.742,0.01010,72.116,0.03510,126.770,0.06171,227.850,0.11091,671.908,0.32707,N/A,N/A,171.437,0.08345,297.402,0.14477,3033,2883,1935,3303,7621,3025,3533,N/A,N/A,N/A,N/A,N/A,N/A,N/A,N/A,N/A,N/A,N/A,N/A,N/A,N/A,N/A,N/A,31366,1185,32551,29757,2794,1034,29757,2425,36,0,0,3,51,26,159,94,383,1896,39164,54,271
North Park,18514,17931,18743,4661,3937,3714,2810,1850,1171,600,38.2,9642,3092,448,5121,440,18095,15086,9192,8408,784,5894,372,7738,4748,907,1385,606,92,N/A,1059,2748,1888,680,12948,1443,2642,2312,697,3889,1965,1677,1317,870,849,826,836,54388,6375,3237,3138,613,6988,2106,151,1064,1222,2417,5.4,261,1677,2402,2648,N/A,1859,2397,2003,547,182,6515,Health Care,Retail Trade,Education,Accommodation and Food Service,Professional,1138,707,706,582,500,5127,Health Care,Retail Trade,Education,Manufacturing,Accommodation and Food Service,955,692,606,558,501,Outside of Chicago,The Loop,Near North Side,Near West Side,North Park,2843,1008,411,218,209,Outside of Chicago,West Ridge,North Park,Albany Park,Irving Park,2483,267,209,151,118,N/A,N/A,N/A,N/A,N/A,N/A,N/A,N/A,N/A,N/A,N/A,N/A,N/A,N/A,N/A,15313,N/A,N/A,N/A,N/A,N/A,N/A,N/A,N/A,N/A,5.780,1613.607,250.837,0.15545,247.841,0.15359,5.214,0.00323,79.262,0.04912,390.977,0.24230,70.332,0.04359,316.217,0.19597,N/A,N/A,244.568,0.15157,8.357,0.00518,1893,1666,1010,1806,4139,463,2236,N/A,N/A,N/A,N/A,N/A,N/A,N/A,N/A,N/A,N/A,N/A,N/A,N/A,N/A,N/A,N/A,9873,7561,17434,7668,9766,4115,7668,2124,866,474,501,841,539,579,3335,507,10336,2652,452,4415,659
Norwood Park,37543,37023,36164,7522,5654,8106,7812,3174,2279,1618,44.3,29774,4225,169,1178,818,35614,29608,19128,18007,1121,10480,649,17154,13498,1498,1775,348,35,N/A,1844,5130,5662,1884,27012,2104,6987,5967,2220,6256,3477,2632,2452,2518,1993,2730,2193,71405,14518,11432,3086,1245,15762,10909,201,1084,757,2802,5.9,262,2579,9496,3425,N/A,2013,5092,6501,1652,504,18232,Education,Health Care,Public Administration,Retail Trade,Professional,2264,2184,2093,1628,1404,13863,Health Care,Administration,Accommodation and Food Service,Retail Trade,Finance,8092,1295,797,637,507,Outside of Chicago,The Loop,Near North Side,Norwood Park,Near West Side,8555,4076,827,694,547,Outside of Chicago,Norwood Park,Portage Park,Dunning,Lake View,7312,694,368,319,271,N/A,N/A,N/A,N/A,N/A,N/A,N/A,N/A,N/A,N/A,N/A,N/A,N/A,N/A,N/A,14904,N/A,N/A,N/A,N/A,N/A,N/A,N/A,N/A,N/A,1.325,2799.796,1320.782,0.47174,133.697,0.04775,13.144,0.00469,98.051,0.03502,197.635,0.07059,15.398,0.00550,895.535,0.31986,N/A,N/A,111.921,0.03997,13.632,0.00487,4924,4336,2088,3170,9013,421,5505,N/A,N/A,N/A,N/A,N/A,N/A,N/A,N/A,N/A,N/A,N/A,N/A,N/A,N/A,N/A,N/A,26617,7411,34027,23699,10328,3977,23699,2488,4637,131,586,449,26,120,1787,105,33176,2404,332,1212,419
Oakland,6110,5918,6474,2192,1217,1396,967,509,157,36,33.1,125,240,5949,124,36,6474,4800,3197,2518,679,1603,115,2300,1127,185,869,115,4,N/A,1172,1395,211,82,3762,578,856,1124,294,468,442,1293,755,338,203,163,108,28231,2860,414,2446,271,3131,222,91,117,283,2418,4.4,1512,800,587,232,N/A,1097,1074,720,134,106,2325,Health Care,Education,Administration,Accommodation and Food Service,Retail Trade,411,290,230,212,199,190,Health Care,Real Estate,Education,Retail Trade,Accommodation and Food Service,91,63,15,7,6,Outside of Chicago,The Loop,Near North Side,Near West Side,Douglas,592,568,253,189,57,Outside of Chicago,South Shore,Chicago Lawn,Chatham,Logan Square,53,8,8,7,6,N/A,N/A,N/A,N/A,N/A,N/A,N/A,N/A,N/A,N/A,N/A,N/A,N/A,N/A,N/A,10286,N/A,N/A,N/A,N/A,N/A,N/A,N/A,N/A,N/A,8.020,372.037,25.680,0.06903,56.809,0.15270,0.143,0.00038,2.285,0.00614,63.401,0.17042,N/A,N/A,117.155,0.31490,N/A,N/A,66.715,0.17932,39.849,0.10711,1277,743,296,544,1517,712,1343,N/A,N/A,N/A,N/A,N/A,N/A,N/A,N/A,N/A,N/A,N/A,N/A,N/A,N/A,N/A,N/A,5434,591,6025,5321,704,157,5321,203,6,0,14,0,0,25,116,340,40,58,5957,8,47
O'Hare,11665,12756,13130,2507,3332,3192,2101,1180,579,238,37.2,9664,1147,233,1423,662,13183,10919,7285,6681,604,3633,192,6369,4932,269,1061,60,47,N/A,657,3381,1885,314,10206,1130,2354,2066,930,2351,1375,1726,1427,1329,945,493,311,49209,6231,2686,3550,409,6645,898,31,352,255,5110,4.5,280,3326,2946,93,N/A,1980,3434,1139,26,65,5389,Health Care,Retail Trade,Manufacturing,Transportation,Administration,621,535,471,455,444,48110,Transportation,Accommodation and Food Service,Professional,Administration,Information,28461,3649,3052,2268,2209,Outside of Chicago,The Loop,O'Hare,Near North Side,Near West Side,2934,701,467,225,181,Outside of Chicago,Lake View,Austin,Logan Square,Near North Side,32958,743,707,692,646,N/A,N/A,N/A,N/A,N/A,N/A,N/A,N/A,N/A,N/A,N/A,N/A,N/A,N/A,N/A,31817,N/A,N/A,N/A,N/A,N/A,N/A,N/A,N/A,N/A,0.140,8536.171,97.337,0.01140,134.028,0.01570,N/A,N/A,139.822,0.01638,55.985,0.00656,32.674,0.00383,6481.928,0.75935,N/A,N/A,1454.513,0.17039,139.885,0.01639,2504,2025,993,709,3489,384,2742,N/A,N/A,N/A,N/A,N/A,N/A,N/A,N/A,N/A,N/A,N/A,N/A,N/A,N/A,N/A,N/A,5629,6656,12286,4567,7719,3444,4567,828,3764,60,361,978,36,491,1080,120,9486,761,249,864,305
Portage Park,65340,64124,64517,15160,14457,14215,13346,4123,2223,995,37.8,31774,27575,862,2946,1360,64438,52346,37243,34296,2939,15104,911,32755,21967,3636,5994,798,360,N/A,3016,8990,7893,2816,44832,7462,12802,8808,3622,8117,4022,4609,5177,4382,3051,3103,2392,58295,22714,12809,9905,2159,24873,10605,268,5791,4103,4019,5.8,522,2520,6943,14889,N/A,4010,9363,7077,3202,1221,25907,Health Care,Retail Trade,Manufacturing,Accommodation and Food Service,Education,3287,2848,2648,2368,2137,8076,Retail Trade,Health Care,Accommodation and Food Service,Administration,Finance,2011,1881,747,632,510,Outside of Chicago,The Loop,Near North Side,Near West Side,Portage Park,11801,3841,1506,983,982,Outside of Chicago,Portage Park,Dunning,Belmont Cragin,Irving Park,3750,982,351,335,185,N/A,N/A,N/A,N/A,N/A,N/A,N/A,N/A,N/A,N/A,N/A,N/A,N/A,N/A,N/A,15569,N/A,N/A,N/A,N/A,N/A,N/A,N/A,N/A,N/A,1.144,2529.754,936.151,0.37006,401.265,0.15862,42.145,0.01666,145.722,0.05760,90.090,0.03561,21.745,0.00860,811.887,0.32094,N/A,N/A,70.061,0.02769,10.689,0.00423,6062,6505,4150,5996,15298,1726,7415,N/A,N/A,N/A,N/A,N/A,N/A,N/A,N/A,N/A,N/A,N/A,N/A,N/A,N/A,N/A,N/A,39822,20830,60652,25252,35400,14882,25252,21290,8233,180,1709,759,131,416,2367,316,45418,15022,336,2467,2097
Pullman,8921,7325,6620,1568,1288,1378,1301,672,329,84,40.7,633,335,5474,43,135,6620,5344,3435,2739,696,1909,58,2570,1467,206,824,73,0,N/A,749,1464,600,154,4670,597,1195,1401,324,799,354,1086,912,370,301,245,53,37165,2967,1369,1598,502,3469,1024,1509,283,353,293,5.6,14,358,1525,1572,N/A,502,1526,1104,273,64,2919,Health Care,Education,Retail Trade,Administration,Accommodation and Food Service,513,351,318,292,249,2547,Transportation,Wholesale Trade,Manufacturing,Education,Retail Trade,515,498,487,367,360,Outside of Chicago,The Loop,Near North Side,Near West Side,West Town,1202,586,164,103,50,Outside of Chicago,East Side,Roseland,Auburn Gresham,Chatham,1237,94,75,59,58,N/A,N/A,N/A,N/A,N/A,N/A,N/A,N/A,N/A,N/A,N/A,N/A,N/A,N/A,N/A,13259,N/A,N/A,N/A,N/A,N/A,N/A,N/A,N/A,N/A,2.444,1354.489,139.514,0.10300,78.206,0.05774,2.181,0.00161,55.892,0.04126,164.389,0.12137,255.756,0.18882,445.249,0.32872,N/A,N/A,2.759,0.00204,210.543,0.15544,1250,970,349,398,1670,572,1297,N/A,N/A,N/A,N/A,N/A,N/A,N/A,N/A,N/A,N/A,N/A,N/A,N/A,N/A,N/A,N/A,5931,238,6169,5706,463,271,5706,315,0,11,0,0,0,13,98,26,757,795,7262,15,92
Riverdale,9809,6482,7382,3494,1731,1073,733,223,69,59,21.3,135,265,6926,26,30,7333,4555,2575,1624,951,1980,27,1543,737,122,571,89,24,N/A,1172,935,207,95,3218,778,854,1146,279,106,55,1638,548,114,61,40,8,14287,2409,251,2158,903,3312,605,1582,75,106,944,5.0,27,218,2705,362,N/A,419,1324,1275,247,47,1739,Health Care,Administration,Retail Trade,Accommodation and Food Service,Transportation,396,231,184,174,152,1074,Manufacturing,Utilities,Transportation,Health Care,Professional,292,257,190,83,83,Outside of Chicago,The Loop,Near North Side,Near West Side,Roseland,787,166,100,84,42,Outside of Chicago,Roseland,Riverdale,East Side,Auburn Gresham,783,21,18,17,16,N/A,N/A,N/A,N/A,N/A,N/A,N/A,N/A,N/A,N/A,N/A,N/A,N/A,N/A,N/A,9844,N/A,N/A,N/A,N/A,N/A,N/A,N/A,N/A,N/A,3.995,2258.712,222.464,0.09849,49.857,0.02207,0.834,0.00037,28.729,0.01272,58.488,0.02589,252.314,0.11171,1143.900,0.50644,6.085,0.00269,269.401,0.11927,226.640,0.10034,579,644,612,574,1756,1088,653,N/A,N/A,N/A,N/A,N/A,N/A,N/A,N/A,N/A,N/A,N/A,N/A,N/A,N/A,N/A,N/A,6247,155,6402,6165,237,125,6165,211,0,17,0,0,0,0,0,9,66,160,9479,7,97
Rogers Park,63484,54991,55500,12092,16967,12526,9130,2718,1268,799,33.8,23604,12383,14455,3205,1853,52018,46264,32270,29377,2860,13994,1582,27375,10492,1757,11792,2764,570,N/A,8981,11293,3468,516,38014,5708,7175,6986,1825,9693,6627,8558,6268,4048,2167,1944,1273,37549,24258,5793,18465,3275,27533,1665,507,873,2578,21896,4.4,1144,3603,7285,15501,N/A,13956,8690,3662,811,414,23090,Health Care,Education,Accommodation and Food Service,Retail Trade,Professional,3724,2577,2524,2251,2219,7348,Health Care,Manufacturing,Accommodation and Food Service,Retail Trade,Transportation,2794,1621,740,608,482,Outside of Chicago,The Loop,Near North Side,Near West Side,Rogers Park,9193,3840,2375,1055,889,Outside of Chicago,Rogers Park,West Ridge,Edgewater,Uptown,3085,889,646,293,189,N/A,N/A,N/A,N/A,N/A,N/A,N/A,N/A,N/A,N/A,N/A,N/A,N/A,N/A,N/A,9001,N/A,N/A,N/A,N/A,N/A,N/A,N/A,N/A,N/A,1.394,1175.921,145.870,0.12405,372.638,0.31689,21.813,0.01855,60.757,0.05167,80.280,0.06827,49.885,0.04242,371.124,0.31560,N/A,N/A,69.049,0.05872,4.506,0.00383,11176,7394,2228,3460,9762,1819,14496,N/A,N/A,N/A,N/A,N/A,N/A,N/A,N/A,N/A,N/A,N/A,N/A,N/A,N/A,N/A,N/A,37641,14518,52159,32664,19495,8197,32664,10915,1265,447,350,316,100,662,2896,2544,20170,17639,18767,4063,2845
Roseland,52723,44619,42327,11388,7752,7207,8499,4097,2586,798,39.5,417,396,40798,169,547,41707,33820,18605,13757,4821,15215,414,13055,7414,1033,4175,370,63,N/A,3733,6218,3587,954,27966,4252,6942,8695,2531,3448,2098,5332,3703,2234,1399,1363,461,37067,14492,7943,6549,3402,17894,10693,1335,2421,1475,1883,6.2,871,1435,9294,6294,N/A,1723,5589,6725,2606,1251,12887,Health Care,Education,Administration,Retail Trade,Transportation,2516,1456,1374,1206,1104,3448,Health Care,Administration,Accommodation and Food Service,Retail Trade,Education,1151,1123,339,311,142,Outside of Chicago,The Loop,Near North Side,Near West Side,West Town,4878,2712,741,695,185,Outside of Chicago,Roseland,West Pullman,Auburn Gresham,Chatham,1764,178,139,91,74,N/A,N/A,N/A,N/A,N/A,N/A,N/A,N/A,N/A,N/A,N/A,N/A,N/A,N/A,N/A,13634,N/A,N/A,N/A,N/A,N/A,N/A,N/A,N/A,N/A,2.053,3083.418,1138.096,0.36910,182.021,0.05903,15.566,0.00505,71.915,0.02332,322.041,0.10444,10.647,0.00345,1124.944,0.36484,N/A,N/A,70.255,0.02278,147.933,0.04798,4528,4069,2357,3538,9568,2365,4924,N/A,N/A,N/A,N/A,N/A,N/A,N/A,N/A,N/A,N/A,N/A,N/A,N/A,N/A,N/A,N/A,39190,890,40080,38492,1588,411,38492,669,54,31,58,39,15,59,495,168,276,363,51568,31,485
South Chicago,38596,31198,27601,8299,5179,4987,5125,2091,1600,320,36.0,672,5810,20826,16,277,27429,21079,12597,9818,2779,8482,303,9193,5085,610,3111,226,161,N/A,3519,4147,2050,509,17148,3450,5356,4446,1262,1763,871,4584,2728,1485,707,526,195,28824,10225,3912,6313,3865,14090,4157,228,3626,2870,3193,5.7,372,988,5498,7232,N/A,2476,4659,4921,1415,619,8434,Health Care,Administration,Retail Trade,Accommodation and Food Service,Education,1569,918,902,814,765,3001,Health Care,Accommodation and Food Service,Retail Trade,Construction,Education,1174,657,380,153,143,Outside of Chicago,The Loop,Near North Side,Near West Side,South Chicago,3192,1489,550,456,215,Outside of Chicago,South Chicago,East Side,South Shore,South Deering,1450,215,200,88,77,N/A,N/A,N/A,N/A,N/A,N/A,N/A,N/A,N/A,N/A,N/A,N/A,N/A,N/A,N/A,11994,N/A,N/A,N/A,N/A,N/A,N/A,N/A,N/A,N/A,2.464,2140.676,367.155,0.17151,271.263,0.12672,24.123,0.01127,65.836,0.03075,73.271,0.03423,34.467,0.01610,631.833,0.29516,N/A,N/A,62.891,0.02938,609.836,0.28488,3531,2695,1835,2164,6268,2091,3957,N/A,N/A,N/A,N/A,N/A,N/A,N/A,N/A,N/A,N/A,N/A,N/A,N/A,N/A,N/A,N/A,22536,2792,25328,19928,5400,2274,19928,4518,58,16,0,14,0,0,402,392,1135,10565,26253,49,594
South Deering,16990,15109,14635,4549,2697,2351,2644,1479,692,223,35.6,781,4139,9575,1,139,14548,11049,6322,4717,1605,4727,150,4422,2876,521,912,91,22,N/A,1078,2238,1222,474,9345,1906,3222,2555,591,613,458,2005,1364,928,393,250,72,34078,5012,2915,2097,758,5770,2678,1670,596,335,461,6.0,8,481,3604,1677,N/A,431,2159,2315,670,195,4586,Health Care,Education,Administration,Retail Trade,Accommodation and Food Service,777,464,436,421,417,6725,Manufacturing,Transportation,Wholesale Trade,Administration,Retail Trade,4387,516,410,377,321,Outside of Chicago,The Loop,Near North Side,Near West Side,South Deering,1670,872,326,244,123,Outside of Chicago,East Side,South Deering,Roseland,West Pullman,4956,128,123,94,92,N/A,N/A,N/A,N/A,N/A,N/A,N/A,N/A,N/A,N/A,N/A,N/A,N/A,N/A,N/A,14866,N/A,N/A,N/A,N/A,N/A,N/A,N/A,N/A,N/A,2.224,6974.221,417.031,0.05980,63.418,0.00909,8.326,0.00119,63.869,0.00916,40.479,0.00580,646.243,0.09266,4541.854,0.65123,N/A,N/A,553.101,0.07931,639.900,0.09175,1564,1320,920,1208,3343,844,1669,N/A,N/A,N/A,N/A,N/A,N/A,N/A,N/A,N/A,N/A,N/A,N/A,N/A,N/A,N/A,N/A,11981,1775,13756,10216,3540,1456,10216,3119,149,0,0,0,0,1,207,64,1287,5176,10335,8,184
South Lawndale,91071,79288,73983,24104,19794,15470,9753,2906,1434,522,29.1,2545,62126,8831,201,280,65442,54964,28415,25683,2732,26549,724,24658,12472,5566,4234,2056,330,N/A,4159,7883,4407,1471,42649,21173,11936,4873,1692,2190,785,7069,5870,2755,980,1037,209,31766,17920,6425,11495,3289,21209,3781,415,8020,6098,2821,4.9,174,1073,2278,17684,N/A,2502,11002,5550,1385,770,16572,Manufacturing,Administration,Retail Trade,Accommodation and Food Service,Health Care,2716,2187,1907,1711,1686,11831,Manufacturing,Health Care,Transportation,Accommodation and Food Service,Retail Trade,2512,2298,1395,1168,1157,Outside of Chicago,The Loop,South Lawndale,Near West Side,Near North Side,7151,1775,858,850,764,Outside of Chicago,South Lawndale,Brighton Park,West Lawn,Chicago Lawn,5694,858,228,219,202,N/A,N/A,N/A,N/A,N/A,N/A,N/A,N/A,N/A,N/A,N/A,N/A,N/A,N/A,N/A,11173,N/A,N/A,N/A,N/A,N/A,N/A,N/A,N/A,N/A,1.370,2938.437,238.114,0.08103,437.048,0.14873,42.994,0.01463,107.556,0.03660,318.166,0.10828,488.645,0.16629,1057.503,0.35989,N/A,N/A,25.730,0.00876,222.681,0.07578,3139,3473,3086,8222,13874,3457,4046,N/A,N/A,N/A,N/A,N/A,N/A,N/A,N/A,N/A,N/A,N/A,N/A,N/A,N/A,N/A,N/A,39441,28400,67841,14954,52887,25033,14954,52409,141,0,57,50,41,19,164,6,3210,75613,11759,116,373
South Shore,61556,52010,50768,13610,10453,10059,9875,3650,2304,817,36.9,1467,924,47326,258,793,49719,40047,23117,18373,4744,16930,597,17466,8095,1259,7414,503,194,N/A,9785,9345,2966,723,33174,3926,7955,10283,2847,4841,3322,11323,5134,2769,1744,1192,599,25260,22761,5019,17742,6391,29152,3683,695,2466,5118,17169,5.1,986,3159,12487,12520,N/A,10807,9783,6187,1503,872,15916,Health Care,Administration,Education,Retail Trade,Accommodation and Food Service,3032,1823,1675,1599,1415,3287,Health Care,Retail Trade,Other Service,Administration,Construction,1217,639,372,278,184,Outside of Chicago,The Loop,Near North Side,Near West Side,South Shore,5111,3138,1391,1007,387,Outside of Chicago,South Shore,Greater Grand Crossing,Roseland,Auburn Gresham,1191,387,122,95,92,N/A,N/A,N/A,N/A,N/A,N/A,N/A,N/A,N/A,N/A,N/A,N/A,N/A,N/A,N/A,9846,N/A,N/A,N/A,N/A,N/A,N/A,N/A,N/A,N/A,4.046,1877.045,373.165,0.19880,465.681,0.24809,19.643,0.01046,94.499,0.05034,72.087,0.03840,14.507,0.00773,610.504,0.32525,0.072,0.00004,144.726,0.07710,82.161,0.04377,11438,5051,3187,3085,10209,3862,12552,N/A,N/A,N/A,N/A,N/A,N/A,N/A,N/A,N/A,N/A,N/A,N/A,N/A,N/A,N/A,N/A,45309,1653,46962,44314,2648,1039,44314,1056,38,31,96,20,38,113,467,788,703,636,59405,85,727
The Loop,16388,29283,35010,5279,14266,6812,5493,1932,1112,116,32.9,21691,2115,4003,6162,1039,31013,32743,23319,22051,1172,9424,1765,20101,4957,766,4921,8896,561,N/A,8009,8978,1493,92,26192,422,1422,2831,1089,10479,9949,3120,1760,2245,2351,3460,5636,97980,18572,7484,11088,3528,22100,413,145,73,26,21443,3.7,9172,6924,2383,3621,N/A,11111,8354,2372,188,75,16754,Professional,Finance,Education,Health Care,Administration,3594,2290,1695,1688,1070,396049,Professional,Finance,Education,Public Administration,Administration,96981,70975,61782,49420,28707,The Loop,Outside of Chicago,Near North Side,Near West Side,Hyde Park,6542,4606,1884,1392,317,Outside of Chicago,Lake View,Near North Side,Lincoln Park,West Town,174094,17876,15170,11097,10567,N/A,N/A,N/A,N/A,N/A,N/A,N/A,N/A,N/A,N/A,N/A,N/A,N/A,N/A,N/A,7080,N/A,N/A,N/A,N/A,N/A,N/A,N/A,N/A,N/A,6.001,1059.099,7.622,0.00720,80.460,0.07597,0.724,0.00068,213.304,0.20140,34.076,0.03217,0.608,0.00057,425.218,0.40149,N/A,N/A,249.864,0.23592,47.223,0.04459,9681,6775,1600,516,6394,256,12178,N/A,N/A,N/A,N/A,N/A,N/A,N/A,N/A,N/A,N/A,N/A,N/A,N/A,N/A,N/A,N/A,26112,7522,33634,25293,8341,2441,25293,1691,841,1618,249,216,422,1085,2124,95,10169,975,3221,1625,398
Uptown,63551,56362,56296,7030,18725,13253,10706,3333,1977,1272,37.5,30456,7468,10970,5773,1629,53746,50191,35626,32640,2971,14565,2302,29843,10382,1485,14460,2817,699,N/A,12119,12675,3815,627,45288,4800,7414,6254,2329,15315,9176,9629,5794,4321,3120,3293,3079,45644,29236,8482,20754,3292,32528,1385,533,627,2289,27626,4.1,2061,5824,8051,16592,N/A,18102,9009,4397,803,217,26725,Professional,Health Care,Accommodation and Food Service,Education,Finance,3677,3553,3045,2567,2227,12634,Health Care,Education,Retail Trade,Accommodation and Food Service,Real Estate,5825,1389,1095,918,746,Outside of Chicago,The Loop,Near North Side,Near West Side,Uptown,7710,6166,3721,1704,1220,Outside of Chicago,Uptown,Edgewater,West Ridge,Rogers Park,3952,1220,672,510,508,N/A,N/A,N/A,N/A,N/A,N/A,N/A,N/A,N/A,N/A,N/A,N/A,N/A,N/A,N/A,7492,N/A,N/A,N/A,N/A,N/A,N/A,N/A,N/A,N/A,5.928,1487.390,84.762,0.05699,352.411,0.23693,23.782,0.01599,69.504,0.04673,243.701,0.16384,8.770,0.00590,340.829,0.22915,N/A,N/A,355.418,0.23895,8.213,0.00552,15481,9078,2842,1835,9591,1171,19645,N/A,N/A,N/A,N/A,N/A,N/A,N/A,N/A,N/A,N/A,N/A,N/A,N/A,N/A,N/A,N/A,39772,14261,54033,34412,19621,8791,34412,6853,1784,479,827,839,600,1860,3122,3257,26784,12674,13415,8206,2472
Washington Heights,29843,26493,27055,6131,5059,4848,5800,2476,1996,745,42.0,170,324,25981,8,572,26833,22453,13093,10653,2440,9360,261,10104,6443,1033,2415,102,111,N/A,1682,4413,2521,893,18931,1917,5570,5537,1588,2775,1544,2787,2467,1405,1224,1244,382,44491,9509,6535,2974,927,10436,7901,168,512,630,1208,6.4,306,1369,5813,2948,N/A,1062,2384,4699,1695,596,8625,Health Care,Education,Administration,Retail Trade,Public Administration,1508,1062,826,824,730,2164,Health Care,Information,Retail Trade,Education,Accommodation and Food Service,529,435,358,351,196,Outside of Chicago,The Loop,Near North Side,Near West Side,Near South Side,2877,1928,683,509,138,Outside of Chicago,Washington Heights,Auburn Gresham,Roseland,South Shore,995,105,86,83,52,N/A,N/A,N/A,N/A,N/A,N/A,N/A,N/A,N/A,N/A,N/A,N/A,N/A,N/A,N/A,14440,N/A,N/A,N/A,N/A,N/A,N/A,N/A,N/A,N/A,1.841,1828.185,795.734,0.43526,68.952,0.03772,9.911,0.00542,55.557,0.03039,84.480,0.04621,36.641,0.02004,676.112,0.36983,N/A,N/A,49.076,0.02684,51.723,0.02829,2621,3027,1822,2039,6708,1280,2801,N/A,N/A,N/A,N/A,N/A,N/A,N/A,N/A,N/A,N/A,N/A,N/A,N/A,N/A,N/A,N/A,25593,401,25994,25057,937,133,25057,359,17,6,0,0,0,8,246,301,193,231,29108,9,302
Washington Park,14146,11717,11868,4604,2783,2001,1686,409,228,157,27.8,48,216,11199,14,391,11809,8045,4921,3607,1314,3124,103,3398,1472,249,1344,282,51,N/A,2015,1923,366,47,6463,1152,1786,1840,418,841,426,2256,954,656,212,204,69,23742,4351,653,3698,1305,5656,299,181,421,1188,3561,5.4,589,1090,1554,2423,N/A,1040,1976,2003,512,125,3446,Health Care,Administration,Retail Trade,Education,Accommodation and Food Service,673,413,363,334,331,540,Accommodation and Food Service,Administration,Education,Other Service,Construction,88,71,67,54,51,Outside of Chicago,The Loop,Near North Side,Near West Side,West Town,1048,580,294,244,96,Outside of Chicago,South Shore,Woodlawn,Grand Boulevard,Washington Park,225,18,17,16,16,N/A,N/A,N/A,N/A,N/A,N/A,N/A,N/A,N/A,N/A,N/A,N/A,N/A,N/A,N/A,8614,N/A,N/A,N/A,N/A,N/A,N/A,N/A,N/A,N/A,8.810,972.770,15.287,0.01571,128.873,0.13248,5.143,0.00529,20.872,0.02146,46.652,0.04796,9.098,0.00935,229.764,0.23620,N/A,N/A,349.010,0.35878,168.071,0.17278,1633,955,716,1047,2558,1285,1793,N/A,N/A,N/A,N/A,N/A,N/A,N/A,N/A,N/A,N/A,N/A,N/A,N/A,N/A,N/A,N/A,10388,148,10536,10087,449,133,10087,265,0,27,6,0,0,6,64,81,74,134,13798,5,135
West Elsdon,15921,18109,19958,6579,4681,4097,2634,1279,470,219,30.7,2845,16585,213,310,5,19938,14871,9647,8446,1201,5224,109,8035,5444,824,1440,289,37,N/A,523,1600,2028,976,11575,3421,4193,2031,734,864,332,987,1538,1112,605,768,115,50793,5126,3641,1484,260,5386,3891,139,391,568,383,5.9,93,863,3736,694,N/A,223,1824,2067,899,372,6446,Manufacturing,Accommodation and Food Service,Administration,Retail Trade,Health Care,868,710,678,640,602,1571,Retail Trade,Accommodation and Food Service,Health Care,Finance,Wholesale Trade,377,373,147,132,127,Outside of Chicago,The Loop,Near North Side,Near West Side,Archer Heights,2681,1001,366,346,148,Outside of Chicago,West Elsdon,West Lawn,Gage Park,South Lawndale,725,119,62,61,42,N/A,N/A,N/A,N/A,N/A,N/A,N/A,N/A,N/A,N/A,N/A,N/A,N/A,N/A,N/A,16389,N/A,N/A,N/A,N/A,N/A,N/A,N/A,N/A,N/A,1.337,750.943,339.224,0.45173,41.775,0.05563,5.020,0.00668,47.140,0.06277,15.278,0.02035,35.242,0.04693,239.691,0.31919,N/A,N/A,16.059,0.02138,11.515,0.01533,785,979,799,2563,4103,691,1023,N/A,N/A,N/A,N/A,N/A,N/A,N/A,N/A,N/A,N/A,N/A,N/A,N/A,N/A,N/A,N/A,11087,7729,18816,3267,15548,5988,3267,14186,1021,216,4,10,9,1,64,38,7461,7875,74,136,375
West Englewood,45282,35505,30798,8793,6447,5714,5110,2779,1476,479,35.4,244,1890,28249,6,409,30551,23815,12858,8532,4326,10957,300,7992,4332,588,2657,356,59,N/A,3418,3955,1804,478,19775,4483,8295,4507,993,1085,412,4559,2634,1367,613,330,152,27223,9655,4636,5019,3316,12971,6402,251,3913,1515,867,6.1,398,1208,4482,6883,N/A,1078,3796,5040,1886,1171,9175,Health Care,Retail Trade,Administration,Accommodation and Food Service,Transportation,1759,1141,1043,853,735,1578,Health Care,Retail Trade,Education,Accommodation and Food Service,Other Service,642,386,112,97,73,Outside of Chicago,The Loop,Near North Side,Near West Side,Near South Side,3641,1222,585,532,150,Outside of Chicago,West Englewood,Chicago Lawn,Auburn Gresham,Greater Grand Crossing,704,76,58,45,32,N/A,N/A,N/A,N/A,N/A,N/A,N/A,N/A,N/A,N/A,N/A,N/A,N/A,N/A,N/A,10669,N/A,N/A,N/A,N/A,N/A,N/A,N/A,N/A,N/A,1.983,2019.001,500.617,0.24795,199.367,0.09875,18.536,0.00918,51.515,0.02552,95.564,0.04733,42.356,0.02098,754.577,0.37374,N/A,N/A,81.988,0.04061,274.480,0.13595,2918,2286,1736,2715,6400,1868,3255,N/A,N/A,N/A,N/A,N/A,N/A,N/A,N/A,N/A,N/A,N/A,N/A,N/A,N/A,N/A,N/A,27870,840,28710,27152,1558,701,27152,1467,5,0,10,12,0,0,43,21,164,459,44271,29,359
West Garfield Park,23019,18001,17499,6290,3642,3117,2622,924,698,205,28.8,277,363,16713,33,113,17314,12391,5770,4687,1083,6621,157,4373,2297,192,1535,155,195,N/A,2410,1941,658,305,9715,2761,3652,2228,563,387,123,2861,1094,772,375,142,69,22698,5313,1391,3922,2219,7532,786,62,2875,1906,1897,5.9,245,286,924,6077,N/A,1399,2097,3028,776,231,5318,Health Care,Administration,Retail Trade,Accommodation and Food Service,Transportation,1029,686,616,471,441,4217,Public Administration,Retail Trade,Manufacturing,Health Care,Finance,2202,442,345,273,216,Outside of Chicago,The Loop,Near North Side,Near West Side,West Town,2142,655,338,331,218,Outside of Chicago,Austin,Norwood Park,Garfield Ridge,Dunning,1056,145,137,108,98,N/A,N/A,N/A,N/A,N/A,N/A,N/A,N/A,N/A,N/A,N/A,N/A,N/A,N/A,N/A,7738,N/A,N/A,N/A,N/A,N/A,N/A,N/A,N/A,N/A,3.175,828.578,50.696,0.06118,190.447,0.22985,9.528,0.01150,36.680,0.04427,44.595,0.05382,38.973,0.04704,333.666,0.40270,N/A,N/A,4.923,0.00594,119.069,0.14370,1486,1263,927,1636,3610,1431,1703,N/A,N/A,N/A,N/A,N/A,N/A,N/A,N/A,N/A,N/A,N/A,N/A,N/A,N/A,N/A,N/A,15489,137,15627,15273,353,103,15273,289,0,0,0,0,0,5,50,9,133,201,22564,18,103
West Lawn,29235,33355,33595,11317,7883,7120,4544,1597,764,370,31.1,5008,27169,1154,193,71,33580,24706,16702,14472,2230,8004,206,13565,9039,2067,2020,393,46,N/A,776,3150,3244,1764,20087,6374,6934,3369,1154,1783,473,1595,2786,1851,1261,1130,311,50973,8934,6434,2500,769,9703,6649,90,1185,844,876,6.3,263,1024,6541,1875,N/A,838,2294,3775,1975,821,11618,Manufacturing,Health Care,Accommodation and Food Service,Administration,Retail Trade,1658,1183,1175,1165,1145,5848,Manufacturing,Retail Trade,Education,Accommodation and Food Service,Health Care,1966,1247,681,572,459,Outside of Chicago,The Loop,Near North Side,Near West Side,West Lawn,4973,1730,664,616,268,Outside of Chicago,West Lawn,Chicago Lawn,Ashburn,Gage Park,2874,268,198,179,116,N/A,N/A,N/A,N/A,N/A,N/A,N/A,N/A,N/A,N/A,N/A,N/A,N/A,N/A,N/A,14661,N/A,N/A,N/A,N/A,N/A,N/A,N/A,N/A,N/A,0.884,1889.699,615.390,0.32565,84.490,0.04471,10.794,0.00571,169.172,0.08952,105.779,0.05598,192.902,0.10208,636.690,0.33693,N/A,N/A,35.653,0.01887,38.829,0.02055,1489,1726,1431,4288,7169,1162,1765,N/A,N/A,N/A,N/A,N/A,N/A,N/A,N/A,N/A,N/A,N/A,N/A,N/A,N/A,N/A,N/A,19578,11861,31439,8201,23238,9546,8201,22377,400,8,47,134,0,6,266,0,12540,15179,760,272,484
West Pullman,36649,29651,27582,7743,5668,4806,5160,2552,1322,329,36.2,281,1488,25530,70,213,27505,21471,12774,9530,3244,8697,335,8924,5742,955,1850,235,141,N/A,1804,4025,2485,876,17446,2888,5438,5260,1139,1779,942,3585,2244,1452,860,731,315,35410,9188,5636,3553,2083,11272,7679,357,1920,606,512,6.3,280,1263,5714,4014,N/A,609,2926,5430,1646,660,8696,Health Care,Education,Retail Trade,Administration,Transportation,1618,932,916,852,756,975,Retail Trade,Manufacturing,Wholesale Trade,Health Care,Construction,314,208,142,121,55,Outside of Chicago,The Loop,Near North Side,Near West Side,Roseland,3717,1637,484,406,139,Outside of Chicago,West Pullman,Roseland,Morgan Park,West Englewood,609,46,34,23,14,N/A,N/A,N/A,N/A,N/A,N/A,N/A,N/A,N/A,N/A,N/A,N/A,N/A,N/A,N/A,15836,N/A,N/A,N/A,N/A,N/A,N/A,N/A,N/A,N/A,2.933,2281.111,855.909,0.37522,116.873,0.05124,12.408,0.00544,45.031,0.01974,87.810,0.03849,60.410,0.02648,798.338,0.34998,0.213,0.00009,87.397,0.03831,216.723,0.09501,2596,2523,1645,2424,6279,1657,2909,N/A,N/A,N/A,N/A,N/A,N/A,N/A,N/A,N/A,N/A,N/A,N/A,N/A,N/A,N/A,N/A,25010,927,25938,24048,1889,901,24048,1654,61,0,11,0,0,0,83,80,328,1699,34277,16,329
West Ridge,73199,71942,73723,19951,16264,14581,13704,5138,2765,1320,35.6,31806,13366,8936,16641,2974,72056,56929,37221,33803,3418,19708,1052,32095,18925,3765,6172,2666,567,N/A,3998,11932,6836,2016,49134,8301,11028,7567,2830,12247,7161,6180,6501,3965,2652,3302,2182,48701,24782,11703,13079,3173,27955,5301,1464,2790,6247,12112,5.4,868,3112,12106,11869,N/A,7302,10003,8608,1294,748,26015,Health Care,Retail Trade,Accommodation and Food Service,Education,Professional,4803,2818,2502,2405,2111,10867,Health Care,Retail Trade,Professional,Accommodation and Food Service,Other Service,5611,1239,1076,725,507,Outside of Chicago,The Loop,Near North Side,West Ridge,Near West Side,11702,3514,1718,1408,974,Outside of Chicago,West Ridge,Edgewater,Rogers Park,Albany Park,5335,1408,374,365,220,N/A,N/A,N/A,N/A,N/A,N/A,N/A,N/A,N/A,N/A,N/A,N/A,N/A,N/A,N/A,14339,N/A,N/A,N/A,N/A,N/A,N/A,N/A,N/A,N/A,2.958,2259.621,553.235,0.24484,511.714,0.22646,27.335,0.01210,140.024,0.06197,169.041,0.07481,2.584,0.00114,655.620,0.29015,N/A,N/A,188.531,0.08343,11.538,0.00511,6877,7323,3399,7183,15931,1932,8851,N/A,N/A,N/A,N/A,N/A,N/A,N/A,N/A,N/A,N/A,N/A,N/A,N/A,N/A,N/A,N/A,36995,31195,68190,28992,39198,17715,28992,10025,3327,1042,1843,2562,505,3167,11546,5181,36403,11353,4962,16347,4134
West Town,87435,82236,85307,14797,36427,20110,8722,3175,1478,598,32.1,50366,22561,6565,3464,2351,84674,72616,59090,55982,3109,13526,3904,51007,22318,3516,18344,5842,987,N/A,8106,19734,8414,1509,64879,6703,7162,7563,2196,26155,15100,6299,5789,5645,4815,6335,8854,80896,37737,14215,23522,3350,41087,4105,1642,5455,14070,15775,4.9,8387,6651,4643,21406,N/A,8688,19432,10034,2325,608,45126,Professional,Health Care,Accommodation and Food Service,Finance,Education,6869,4829,4180,4047,4033,40141,Administration,Health Care,Accommodation and Food Service,Retail Trade,Other Service,12264,5758,4402,3332,2802,Outside of Chicago,The Loop,Near North Side,Near West Side,West Town,13583,10567,5546,3819,3052,Outside of Chicago,West Town,Logan Square,Austin,Lake View,17243,3052,1530,924,894,N/A,N/A,N/A,N/A,N/A,N/A,N/A,N/A,N/A,N/A,N/A,N/A,N/A,N/A,N/A,10809,N/A,N/A,N/A,N/A,N/A,N/A,N/A,N/A,N/A,1.627,2928.441,224.126,0.07653,685.503,0.23408,137.892,0.04709,162.088,0.05535,132.676,0.04531,190.733,0.06513,1085.936,0.37082,N/A,N/A,242.089,0.08267,67.398,0.02302,13589,14434,5049,4665,15803,2240,21934,N/A,N/A,N/A,N/A,N/A,N/A,N/A,N/A,N/A,N/A,N/A,N/A,N/A,N/A,N/A,N/A,65946,13361,79307,56316,22991,10183,56316,15563,3801,352,465,106,212,317,1969,206,34445,40966,7979,1510,2535
Woodlawn,27086,23740,23808,7814,5480,4127,3748,1693,696,250,30.7,1921,696,20029,663,499,22367,18119,9204,7492,1712,8915,392,6938,3273,456,2197,906,107,N/A,3958,3646,1278,186,13652,2030,3099,3954,1182,1779,1608,4610,1972,936,701,582,323,24603,9124,2080,7044,2918,12042,962,455,2046,2990,5560,5.3,970,2857,3687,4528,N/A,3090,3701,3776,1220,255,7504,Health Care,Education,Administration,Retail Trade,Accommodation and Food Service,1337,1067,780,755,710,2597,Health Care,Education,Accommodation and Food Service,Real Estate,Other Service,860,499,264,257,229,Outside of Chicago,The Loop,Near North Side,Near West Side,Hyde Park,2564,1321,541,449,433,Outside of Chicago,Woodlawn,South Shore,Grand Boulevard,Hyde Park,772,175,110,99,92,N/A,N/A,N/A,N/A,N/A,N/A,N/A,N/A,N/A,N/A,N/A,N/A,N/A,N/A,N/A,8756,N/A,N/A,N/A,N/A,N/A,N/A,N/A,N/A,N/A,7.809,1325.313,63.918,0.04823,253.745,0.19146,6.418,0.00484,35.461,0.02676,141.277,0.10660,3.765,0.00284,341.126,0.25739,N/A,N/A,357.380,0.26966,122.222,0.09222,4012,2143,1152,1817,4643,1714,4481,N/A,N/A,N/A,N/A,N/A,N/A,N/A,N/A,N/A,N/A,N/A,N/A,N/A,N/A,N/A,N/A,20590,1290,21880,20055,1825,443,20055,564,42,300,75,22,61,45,446,271,761,288,25518,207,312
